Year,Movie Link
2000,"['rottentomatoes.com/m/chicken_run', 'rottentomatoes.com/m/the_taste_of_others', 'rottentomatoes.com/m/yi_yi', 'rottentomatoes.com/m/memento', 'rottentomatoes.com/m/the_life_and_times_of_hank_greenberg', 'rottentomatoes.com/m/you_can_count_on_me', 'rottentomatoes.com/m/1103281-traffic', 'rottentomatoes.com/m/best_in_show', 'rottentomatoes.com/m/croupier', 'rottentomatoes.com/m/not_one_less', 'rottentomatoes.com/m/1095420-high_fidelity', 'rottentomatoes.com/m/dark_days', 'rottentomatoes.com/m/filth_and_the_fury', 'rottentomatoes.com/m/almost_famous', 'rottentomatoes.com/m/cast_away', 'rottentomatoes.com/m/girlfight', 'rottentomatoes.com/m/1104207-panic', 'rottentomatoes.com/m/widow_of_st_pierre', 'rottentomatoes.com/m/sexy_beast', 'rottentomatoes.com/m/aimee_and_jaguar', 'rottentomatoes.com/m/wattstax', 'rottentomatoes.com/m/exorcist_the_version_youve_never_seen', 'rottentomatoes.com/m/emperors_new_groove', 'rottentomatoes.com/m/meet_the_parents', 'rottentomatoes.com/m/erin_brockovich', 'rottentomatoes.com/m/battle_royale', 'rottentomatoes.com/m/billy_elliot', 'rottentomatoes.com/m/state_and_main', 'rottentomatoes.com/m/nico_and_dani', 'rottentomatoes.com/m/xmen', 'rottentomatoes.com/m/nurse_betty', 'rottentomatoes.com/m/thirteen_days', 'rottentomatoes.com/m/chunhyangdyun_2000', 'rottentomatoes.com/m/shadow_of_the_vampire', 'rottentomatoes.com/m/chuck_and_buck', 'rottentomatoes.com/m/original_kings_of_comedy', 'rottentomatoes.com/m/merci_pour_le_chocolat', 'rottentomatoes.com/m/ghost_dog_the_way_of_the_samurai', 'rottentomatoes.com/m/love_and_basketball', 'rottentomatoes.com/m/beau_travail', 'rottentomatoes.com/m/1097991-george_washington', 'rottentomatoes.com/m/wonder_boys', 'rottentomatoes.com/m/house_of_mirth', 'rottentomatoes.com/m/gladiator', 'rottentomatoes.com/m/lakeboat', 'rottentomatoes.com/m/requiem_for_a_dream', 'rottentomatoes.com/m/shanghai_noon', 'rottentomatoes.com/m/fantasia_2000', 'rottentomatoes.com/m/pollock', 'rottentomatoes.com/m/o_brother_where_art_thou', 'rottentomatoes.com/m/the_vertical_ray_of_the_sun', 'rottentomatoes.com/m/space_cowboys', 'rottentomatoes.com/m/tao_of_steve', 'rottentomatoes.com/m/1100998-contender', 'rottentomatoes.com/m/virgin_suicides', 'rottentomatoes.com/m/quills', 'rottentomatoes.com/m/keep_the_river_on_your_right', 'rottentomatoes.com/m/finding_forrester', 'rottentomatoes.com/m/rugrats_in_paris', 'rottentomatoes.com/m/tigerland', 'rottentomatoes.com/m/remember_the_titans', 'rottentomatoes.com/m/unbreakable', 'rottentomatoes.com/m/code_unknown', 'rottentomatoes.com/m/1097859-sunshine', 'rottentomatoes.com/m/my_dog_skip', 'rottentomatoes.com/m/the_big_kahuna', 'rottentomatoes.com/m/frequency', 'rottentomatoes.com/m/american_psycho', 'rottentomatoes.com/m/charlies_angels', 'rottentomatoes.com/m/dancer_in_the_dark', 'rottentomatoes.com/m/keeping_the_faith', 'rottentomatoes.com/m/gangster-no-1', 'rottentomatoes.com/m/shadow_magic', 'rottentomatoes.com/m/1098038-shaft', 'rottentomatoes.com/m/u571', 'rottentomatoes.com/m/grateful_dawg', 'rottentomatoes.com/m/timecode', 'rottentomatoes.com/m/about_adam', 'rottentomatoes.com/m/1095081-boiler_room', 'rottentomatoes.com/m/small_time_crooks', 'rottentomatoes.com/m/1097046-dinosaur', 'rottentomatoes.com/m/yards', 'rottentomatoes.com/m/bring_it_on', 'rottentomatoes.com/m/anywhere_but_here', 'rottentomatoes.com/m/1098149-patriot', 'rottentomatoes.com/m/chocolat', 'rottentomatoes.com/m/1099492-saving_grace', 'rottentomatoes.com/m/princess_and_the_warrior', 'rottentomatoes.com/m/return_to_me', 'rottentomatoes.com/m/wonderland_2000', 'rottentomatoes.com/m/claim', 'rottentomatoes.com/m/the-tigger-movie', 'rottentomatoes.com/m/pitch_black', 'rottentomatoes.com/m/mission_impossible_2', 'rottentomatoes.com/m/kikujiro', 'rottentomatoes.com/m/1097245-hamlet', 'rottentomatoes.com/m/alice_et_martin', 'rottentomatoes.com/m/1103231-gift', 'rottentomatoes.com/m/dr_t_and_the_women', 'rottentomatoes.com/m/1097259-road_trip']"
2001,"['rottentomatoes.com/m/monsters_inc', 'rottentomatoes.com/m/crouching_tiger_hidden_dragon', 'rottentomatoes.com/m/time-out-l-emploi-du-temps', 'rottentomatoes.com/m/the_lord_of_the_rings_the_fellowship_of_the_ring', 'rottentomatoes.com/m/dish', 'rottentomatoes.com/m/with_a_friend_like_harry', 'rottentomatoes.com/m/werckmeister_harmonies', 'rottentomatoes.com/m/ghost_world', 'rottentomatoes.com/m/in_the_bedroom', 'rottentomatoes.com/m/im_going_home', 'rottentomatoes.com/m/spy_kids', 'rottentomatoes.com/m/the-endurance', 'rottentomatoes.com/m/y_tu_mama_tambien', 'rottentomatoes.com/m/lagaan_once_upon_a_time_in_india', 'rottentomatoes.com/m/no_mans_land', 'rottentomatoes.com/m/last_resort_2001', 'rottentomatoes.com/m/startupcom', 'rottentomatoes.com/m/devils_backbone', 'rottentomatoes.com/m/amores_perros', 'rottentomatoes.com/m/hedwig_and_the_angry_inch', 'rottentomatoes.com/m/the_circle_2001', 'rottentomatoes.com/m/apocalypse_now_redux_2001', 'rottentomatoes.com/m/amelie', 'rottentomatoes.com/m/shrek', 'rottentomatoes.com/m/under_the_sand', 'rottentomatoes.com/m/dogtown_and_zboys', 'rottentomatoes.com/m/mostly_martha', 'rottentomatoes.com/m/in_the_mood_for_love_2001', 'rottentomatoes.com/m/millennium_actress_2001', 'rottentomatoes.com/m/1075984-iron_monkey', 'rottentomatoes.com/m/the_gleaners_and_i', 'rottentomatoes.com/m/together_2001', 'rottentomatoes.com/m/our_song', 'rottentomatoes.com/m/kandahar_le_soleil_derriere_la_lune', 'rottentomatoes.com/m/dinner_rush', 'rottentomatoes.com/m/eureka_2001', 'rottentomatoes.com/m/divided_we_fall', 'rottentomatoes.com/m/ginger_snaps', 'rottentomatoes.com/m/gosford_park', 'rottentomatoes.com/m/1108624-road_home', 'rottentomatoes.com/m/life_and_debt', 'rottentomatoes.com/m/trembling-before-gd', 'rottentomatoes.com/m/italian_for_beginners', 'rottentomatoes.com/m/101_reykjavik', 'rottentomatoes.com/m/how_i_killed_my_father', 'rottentomatoes.com/m/donnie_darko', 'rottentomatoes.com/m/day_i_became_a_woman', 'rottentomatoes.com/m/mulholland_dr', 'rottentomatoes.com/m/oceans_eleven', 'rottentomatoes.com/m/la_cienaga', 'rottentomatoes.com/m/1109257-others', 'rottentomatoes.com/m/va_savoir', 'rottentomatoes.com/m/nowhere-in-africa', 'rottentomatoes.com/m/calle_54', 'rottentomatoes.com/m/faithless_2001', 'rottentomatoes.com/m/harry_potter_and_the_sorcerers_stone', 'rottentomatoes.com/m/closet', 'rottentomatoes.com/m/thirteen_conversations_about_one_thing', 'rottentomatoes.com/m/1106648-lie', 'rottentomatoes.com/m/1111741-rain', 'rottentomatoes.com/m/man_who_wasnt_there', 'rottentomatoes.com/m/what_time_is_it_there', 'rottentomatoes.com/m/waking_life', 'rottentomatoes.com/m/deep_end', 'rottentomatoes.com/m/go_tigers', 'rottentomatoes.com/m/bridget_jones_diary', 'rottentomatoes.com/m/little_otik', 'rottentomatoes.com/m/business_of_strangers', 'rottentomatoes.com/m/innocence2000', 'rottentomatoes.com/m/moulin_rouge_2001', 'rottentomatoes.com/m/diamond_men', 'rottentomatoes.com/m/lumumba', 'rottentomatoes.com/m/1111227-iris', 'rottentomatoes.com/m/jump_tomorrow', 'rottentomatoes.com/m/1104203-pledge', 'rottentomatoes.com/m/black_hawk_down', 'rottentomatoes.com/m/beautiful_mind', 'rottentomatoes.com/m/ai_artificial_intelligence', 'rottentomatoes.com/m/tailor_of_panama', 'rottentomatoes.com/m/tape', 'rottentomatoes.com/m/cats_meow', 'rottentomatoes.com/m/our_lady_of_the_assassins', 'rottentomatoes.com/m/training_day', 'rottentomatoes.com/m/snatch', 'rottentomatoes.com/m/joy_ride', 'rottentomatoes.com/m/1108799-score', 'rottentomatoes.com/m/brotherhood_of_the_wolf', 'rottentomatoes.com/m/buffalo_soldiers', 'rottentomatoes.com/m/songcatcher', 'rottentomatoes.com/m/me_you_them', 'rottentomatoes.com/m/jimmy_neutron_boy_genius', 'rottentomatoes.com/m/before_night_falls', 'rottentomatoes.com/m/tortilla_soup', 'rottentomatoes.com/m/piano_teacher', 'rottentomatoes.com/m/fat_girl', 'rottentomatoes.com/m/behind_the_sun', 'rottentomatoes.com/m/chopper', 'rottentomatoes.com/m/legally_blonde', 'rottentomatoes.com/m/made', 'rottentomatoes.com/m/baby_boy']"
2002,"['rottentomatoes.com/m/the_lord_of_the_rings_the_two_towers', 'rottentomatoes.com/m/spirited_away', 'rottentomatoes.com/m/catch_me_if_you_can', 'rottentomatoes.com/m/1122382-spellbound', 'rottentomatoes.com/m/rivers_and_tides_andy_goldsworthy_working_with_time', 'rottentomatoes.com/m/man_without_a_past', 'rottentomatoes.com/m/pianist', 'rottentomatoes.com/m/bowling_for_columbine', 'rottentomatoes.com/m/read_my_lips', 'rottentomatoes.com/m/about_a_boy', 'rottentomatoes.com/m/monsoon_wedding', 'rottentomatoes.com/m/1114154-insomnia', 'rottentomatoes.com/m/minority_report', 'rottentomatoes.com/m/spiderman', 'rottentomatoes.com/m/1118700-adaptation', 'rottentomatoes.com/m/promises', 'rottentomatoes.com/m/trials_of_henry_kissinger', 'rottentomatoes.com/m/infernal_affairs', 'rottentomatoes.com/m/talk_to_her', 'rottentomatoes.com/m/bloody_sunday', 'rottentomatoes.com/m/broken_wings_2002', 'rottentomatoes.com/m/nine_queens', 'rottentomatoes.com/m/open_hearts', 'rottentomatoes.com/m/kid_stays_in_the_picture', 'rottentomatoes.com/m/chicago', 'rottentomatoes.com/m/scratch_2002', 'rottentomatoes.com/m/atanarjuat_the_fast_runner_2002', 'rottentomatoes.com/m/standing_in_the_shadows_of_motown', 'rottentomatoes.com/m/the_weather_underground', 'rottentomatoes.com/m/alias_betty', 'rottentomatoes.com/m/lantana', 'rottentomatoes.com/m/rabbitproof_fence', 'rottentomatoes.com/m/murderous_maids', 'rottentomatoes.com/m/russian_ark', 'rottentomatoes.com/m/the_girl_from_paris', 'rottentomatoes.com/m/cockettes', 'rottentomatoes.com/m/roger_dodger', 'rottentomatoes.com/m/about_schmidt', 'rottentomatoes.com/m/baran', 'rottentomatoes.com/m/lilo_and_stitch', 'rottentomatoes.com/m/lovely_and_amazing', 'rottentomatoes.com/m/late_marriage', 'rottentomatoes.com/m/i_am_trying_to_break_your_heart', 'rottentomatoes.com/m/harry_potter_and_the_chamber_of_secrets', 'rottentomatoes.com/m/monsters_ball', 'rottentomatoes.com/m/1120292-spider', 'rottentomatoes.com/m/bourne_identity', 'rottentomatoes.com/m/24_hour_party_people', 'rottentomatoes.com/m/narc', 'rottentomatoes.com/m/1112954-rookie', 'rottentomatoes.com/m/blind_spot_hitlers_secretary', 'rottentomatoes.com/m/lawless_heart', 'rottentomatoes.com/m/one_hour_photo', 'rottentomatoes.com/m/metropolis_2002', 'rottentomatoes.com/m/road_to_perdition', 'rottentomatoes.com/m/the_royal_tenenbaums', 'rottentomatoes.com/m/son_of_the_bride', 'rottentomatoes.com/m/la_stanza_del_figlio', 'rottentomatoes.com/m/springtime-in-a-small-town', 'rottentomatoes.com/m/good_girl', 'rottentomatoes.com/m/barbershop', 'rottentomatoes.com/m/kissing_jessica_stein', 'rottentomatoes.com/m/elling', 'rottentomatoes.com/m/real_women_have_curves', 'rottentomatoes.com/m/morvern_callar', 'rottentomatoes.com/m/margaret-cho-notorious-cho', 'rottentomatoes.com/m/the_believer', 'rottentomatoes.com/m/punchdrunk_love', 'rottentomatoes.com/m/hours', 'rottentomatoes.com/m/stuart_little_2', 'rottentomatoes.com/m/1117377-all_or_nothing', 'rottentomatoes.com/m/drumline', 'rottentomatoes.com/m/pauline_and_paulette', 'rottentomatoes.com/m/satin_rouge', 'rottentomatoes.com/m/better_luck_tomorrow', 'rottentomatoes.com/m/secret_ballot', 'rottentomatoes.com/m/sunshine_state', 'rottentomatoes.com/m/gigantic', 'rottentomatoes.com/m/8_women', 'rottentomatoes.com/m/antwone_fisher', 'rottentomatoes.com/m/wild_thornberrys_movie', 'rottentomatoes.com/m/tully', 'rottentomatoes.com/m/ice_age', 'rottentomatoes.com/m/shanghai_ghetto', 'rottentomatoes.com/m/nicholas_nickleby_2002', 'rottentomatoes.com/m/undercover_brother', 'rottentomatoes.com/m/secretary', 'rottentomatoes.com/m/8_mile', 'rottentomatoes.com/m/changing_lanes', 'rottentomatoes.com/m/last_orders', 'rottentomatoes.com/m/signs', 'rottentomatoes.com/m/biggie_and_tupac', 'rottentomatoes.com/m/tadpole', 'rottentomatoes.com/m/warm_water_under_a_red_bridge', 'rottentomatoes.com/m/panic_room', 'rottentomatoes.com/m/dangerous_lives_of_altar_boys', 'rottentomatoes.com/m/my_big_fat_greek_wedding', 'rottentomatoes.com/m/frida', 'rottentomatoes.com/m/gangs_of_new_york', 'rottentomatoes.com/m/comedian']"
2003,"['rottentomatoes.com/m/finding_nemo', 'rottentomatoes.com/m/lost_in_translation', 'rottentomatoes.com/m/the_lord_of_the_rings_the_return_of_the_king', 'rottentomatoes.com/m/capturing_the_friedmans', 'rottentomatoes.com/m/the_fog_of_war_eleven_lessons_from_the_life_of_robert_s_mcnamara', 'rottentomatoes.com/m/american_splendor', 'rottentomatoes.com/m/sweet_sixteen', 'rottentomatoes.com/m/raising_victor_vargas', 'rottentomatoes.com/m/chavez_inside_the_coup', 'rottentomatoes.com/m/winged_migration', 'rottentomatoes.com/m/station_agent', 'rottentomatoes.com/m/the_triplets_of_belleville', 'rottentomatoes.com/m/to_be_and_to_have', 'rottentomatoes.com/m/dirty_pretty_things', 'rottentomatoes.com/m/school_of_rock', 'rottentomatoes.com/m/festival_express', 'rottentomatoes.com/m/bus_174', 'rottentomatoes.com/m/shattered_glass', 'rottentomatoes.com/m/los_angeles_plays_itself', 'rottentomatoes.com/m/lost_in_la_mancha', 'rottentomatoes.com/m/spring_summer_fall_winterand_spring', 'rottentomatoes.com/m/city_of_god', 'rottentomatoes.com/m/memories_of_murder_2003', 'rottentomatoes.com/m/whale_rider', 'rottentomatoes.com/m/best_of_youth', 'rottentomatoes.com/m/magdalene_sisters', 'rottentomatoes.com/m/the_man_on_the_train', 'rottentomatoes.com/m/alien_the_directors_cut_2007', 'rottentomatoes.com/m/in_america', 'rottentomatoes.com/m/mystic_river', 'rottentomatoes.com/m/28_days_later', 'rottentomatoes.com/m/baadasssss', 'rottentomatoes.com/m/far_from_heaven', 'rottentomatoes.com/m/saraband', 'rottentomatoes.com/m/stevie', 'rottentomatoes.com/m/tokyo_godfathers', 'rottentomatoes.com/m/im_not_scared', 'rottentomatoes.com/m/x2_xmen_united', 'rottentomatoes.com/m/freaky_friday', 'rottentomatoes.com/m/kill_bill_vol_1', 'rottentomatoes.com/m/mighty_wind', 'rottentomatoes.com/m/master_and_commander_the_far_side_of_the_world', 'rottentomatoes.com/m/1118347-quiet_american', 'rottentomatoes.com/m/elf', 'rottentomatoes.com/m/caterina_in_the_big_city', 'rottentomatoes.com/m/zatoichi_2003', 'rottentomatoes.com/m/in_this_world', 'rottentomatoes.com/m/five_obstructions', 'rottentomatoes.com/m/bend_it_like_beckham', 'rottentomatoes.com/m/the_son_2003', 'rottentomatoes.com/m/intimate_strangers_2003', 'rottentomatoes.com/m/funny-ha-ha', 'rottentomatoes.com/m/pieces_of_april', 'rottentomatoes.com/m/the_cuckoo_2003', 'rottentomatoes.com/m/dracula_pages_from_a_virgins_diary', 'rottentomatoes.com/m/noi-the-albino', 'rottentomatoes.com/m/matchstick_men', 'rottentomatoes.com/m/secret_lives_of_dentists', 'rottentomatoes.com/m/swimming_pool', 'rottentomatoes.com/m/monsieur_ibrahim', 'rottentomatoes.com/m/tibet_cry_of_the_snow_lion', 'rottentomatoes.com/m/yossi_and_jagger', 'rottentomatoes.com/m/a_tale_of_two_sisters', 'rottentomatoes.com/m/ten', 'rottentomatoes.com/m/pirates_of_the_caribbean_the_curse_of_the_black_pearl', 'rottentomatoes.com/m/lilja_4_ever', 'rottentomatoes.com/m/thirteen', 'rottentomatoes.com/m/21_grams', 'rottentomatoes.com/m/gloomy_sunday', 'rottentomatoes.com/m/chaos2001', 'rottentomatoes.com/m/bukowski_born_into_this', 'rottentomatoes.com/m/barbarian_invasions', 'rottentomatoes.com/m/bad_santa', 'rottentomatoes.com/m/open_range', 'rottentomatoes.com/m/stone_reader', 'rottentomatoes.com/m/amandla_a_revolution_in_four_part_harmony', 'rottentomatoes.com/m/confessions_of_a_dangerous_mind', 'rottentomatoes.com/m/chihwaseon', 'rottentomatoes.com/m/seabiscuit', 'rottentomatoes.com/m/25th_hour', 'rottentomatoes.com/m/step_into_liquid', 'rottentomatoes.com/m/ghosts_of_the_abyss', 'rottentomatoes.com/m/divine_intervention_2003', 'rottentomatoes.com/m/blue_car', 'rottentomatoes.com/m/cooler', 'rottentomatoes.com/m/holes', 'rottentomatoes.com/m/stoked_the_rise_and_fall_of_gator', 'rottentomatoes.com/m/bubba_ho_tep', 'rottentomatoes.com/m/charlotte_sometimes', 'rottentomatoes.com/m/1127787-big_fish', 'rottentomatoes.com/m/mondays_in_the_sun', 'rottentomatoes.com/m/intolerable_cruelty', 'rottentomatoes.com/m/good_thief', 'rottentomatoes.com/m/1128577-peter_pan', 'rottentomatoes.com/m/i_capture_the_castle', 'rottentomatoes.com/m/owning_mahowny', 'rottentomatoes.com/m/matrix_reloaded', 'rottentomatoes.com/m/tupac_resurrection', 'rottentomatoes.com/m/friday_night', 'rottentomatoes.com/m/house_of_sand_and_fog']"
2004,"['rottentomatoes.com/m/incredibles', 'rottentomatoes.com/m/sideways', 'rottentomatoes.com/m/spiderman_2', 'rottentomatoes.com/m/maria_full_of_grace', 'rottentomatoes.com/m/moolaade', 'rottentomatoes.com/m/twilight_samurai', 'rottentomatoes.com/m/hero', 'rottentomatoes.com/m/eternal_sunshine_of_the_spotless_mind', 'rottentomatoes.com/m/before_sunset', 'rottentomatoes.com/m/osama', 'rottentomatoes.com/m/shaun_of_the_dead', 'rottentomatoes.com/m/million_dollar_baby', 'rottentomatoes.com/m/the_return', 'rottentomatoes.com/m/control_room', 'rottentomatoes.com/m/touching_the_void', 'rottentomatoes.com/m/harry_potter_and_the_prisoner_of_azkaban', 'rottentomatoes.com/m/born_into_brothels', 'rottentomatoes.com/m/since_otar_left', 'rottentomatoes.com/m/plagues_and_pleasures_on_the_salton_sea', 'rottentomatoes.com/m/super_size_me', 'rottentomatoes.com/m/hotel_rwanda', 'rottentomatoes.com/m/the_story_of_the_weeping_camel', 'rottentomatoes.com/m/vera_drake', 'rottentomatoes.com/m/end_of_the_century_the_story_of_the_ramones', 'rottentomatoes.com/m/shrek_2', 'rottentomatoes.com/m/kinsey', 'rottentomatoes.com/m/lost_boys_of_sudan', 'rottentomatoes.com/m/agronomist', 'rottentomatoes.com/m/riding_giants', 'rottentomatoes.com/m/nobody_knows', 'rottentomatoes.com/m/my_architect', 'rottentomatoes.com/m/tarnation', 'rottentomatoes.com/m/the-bridesmaid', 'rottentomatoes.com/m/downfall', 'rottentomatoes.com/m/collateral', 'rottentomatoes.com/m/good_bye_lenin', 'rottentomatoes.com/m/aviator', 'rottentomatoes.com/m/kitchen_stories', 'rottentomatoes.com/m/mean_creek', 'rottentomatoes.com/m/my_summer_of_love', 'rottentomatoes.com/m/shaolin_soccer', 'rottentomatoes.com/m/metallica_some_kind_of_monster', 'rottentomatoes.com/m/bad_education', 'rottentomatoes.com/m/corporation', 'rottentomatoes.com/m/house_of_flying_daggers', 'rottentomatoes.com/m/woodsman', 'rottentomatoes.com/m/garden_state', 'rottentomatoes.com/m/kill_bill_volume_2', 'rottentomatoes.com/m/going_upriver_the_long_war_of_john_kerry', 'rottentomatoes.com/m/dig', 'rottentomatoes.com/m/brothers_2004', 'rottentomatoes.com/m/donnie_darko_the_directors_cut', 'rottentomatoes.com/m/james_journey_to_jerusalem', 'rottentomatoes.com/m/save_the_green_planet_2004', 'rottentomatoes.com/m/last_life_in_the_universe', 'rottentomatoes.com/m/guerrilla-the-taking-of-patty-hearst', 'rottentomatoes.com/m/distant', 'rottentomatoes.com/m/mean_girls', 'rottentomatoes.com/m/3_iron', 'rottentomatoes.com/m/finding_neverland', 'rottentomatoes.com/m/fahrenheit_911', 'rottentomatoes.com/m/touch-the-sound', 'rottentomatoes.com/m/1126416-mayor_of_the_sunset_strip', 'rottentomatoes.com/m/crimson_gold', 'rottentomatoes.com/m/1136293-lightning_in_a_bottle', 'rottentomatoes.com/m/in_good_company', 'rottentomatoes.com/m/bourne_supremacy', 'rottentomatoes.com/m/sea_inside', 'rottentomatoes.com/m/the_motorcycle_diaries', 'rottentomatoes.com/m/aileen_life_and_death_of_a_serial_killer', 'rottentomatoes.com/m/bright_leaves', 'rottentomatoes.com/m/yes_men', 'rottentomatoes.com/m/friday_night_lights', 'rottentomatoes.com/m/hellboy', 'rottentomatoes.com/m/monster', 'rottentomatoes.com/m/manchurian_candidate', 'rottentomatoes.com/m/outfoxed_rupert_murdochs_war_on_journalism', 'rottentomatoes.com/m/wilbur_wants_to_kill_himself', 'rottentomatoes.com/m/miracle', 'rottentomatoes.com/m/somersault', 'rottentomatoes.com/m/red_lights', 'rottentomatoes.com/m/ray', 'rottentomatoes.com/m/up_and_down', 'rottentomatoes.com/m/broadway_the_golden_age', 'rottentomatoes.com/m/team_america_world_police', 'rottentomatoes.com/m/a_very_long_engagement_2004', 'rottentomatoes.com/m/saddest_music_in_the_world', 'rottentomatoes.com/m/1144992-crash', 'rottentomatoes.com/m/two_brothers', 'rottentomatoes.com/m/machinist', 'rottentomatoes.com/m/daughter_from_danang', 'rottentomatoes.com/m/tae_guk_gi_the_brotherhood_of_war', 'rottentomatoes.com/m/dawn_of_the_dead', 'rottentomatoes.com/m/1132642-mother', 'rottentomatoes.com/m/overnight', 'rottentomatoes.com/m/goodbye_dragon_inn_2004', 'rottentomatoes.com/m/being_julia', 'rottentomatoes.com/m/1135882-uncovered_the_war_on_iraq', 'rottentomatoes.com/m/bon_voyage_2004', 'rottentomatoes.com/m/girl_with_a_pearl_earring']"
2005,"['rottentomatoes.com/m/murderball', 'rottentomatoes.com/m/wallace_and_gromit_curse_of_the_wererabbit', 'rottentomatoes.com/m/1152019-good_night_and_good_luck', 'rottentomatoes.com/m/enron_the_smartest_guys_in_the_room', 'rottentomatoes.com/m/march_of_the_penguins', 'rottentomatoes.com/m/wild_parrots_of_telegraph_hill', 'rottentomatoes.com/m/kung_fu_hustle', 'rottentomatoes.com/m/squid_and_the_whale', 'rottentomatoes.com/m/harry_potter_and_the_goblet_of_fire', 'rottentomatoes.com/m/grizzly_man', 'rottentomatoes.com/m/1151898-capote', 'rottentomatoes.com/m/brokeback_mountain', 'rottentomatoes.com/m/ushpizin', 'rottentomatoes.com/m/history_of_violence', 'rottentomatoes.com/m/travelers_and_magicians', 'rottentomatoes.com/m/duma', 'rottentomatoes.com/m/batman_begins', 'rottentomatoes.com/m/water', 'rottentomatoes.com/m/10005788-the_sun', 'rottentomatoes.com/m/our_brand_is_crisis', 'rottentomatoes.com/m/broken_flowers', 'rottentomatoes.com/m/head_on_2005', 'rottentomatoes.com/m/1167811-ballets_russes', 'rottentomatoes.com/m/king_kong', 'rottentomatoes.com/m/millions', 'rottentomatoes.com/m/cache_2005', 'rottentomatoes.com/m/howls_moving_castle', 'rottentomatoes.com/m/up_for_grabs', 'rottentomatoes.com/m/after_innocence', 'rottentomatoes.com/m/kiss_kiss_bang_bang', 'rottentomatoes.com/m/1153077-1153077-pride_and_prejudice', 'rottentomatoes.com/m/tristram_shandy_a_cock_and_bull_story', 'rottentomatoes.com/m/paradise_now', 'rottentomatoes.com/m/40_year_old_virgin', 'rottentomatoes.com/m/1159353-darwins_nightmare', 'rottentomatoes.com/m/new_york_doll', 'rottentomatoes.com/m/cave_of_the_yellow_dog', 'rottentomatoes.com/m/charlie_and_the_chocolate_factory', 'rottentomatoes.com/m/star_wars_episode_iii_revenge_of_the_sith', 'rottentomatoes.com/m/corpse_bride', 'rottentomatoes.com/m/constant_gardener', 'rottentomatoes.com/m/junebug', 'rottentomatoes.com/m/tony_takitani', 'rottentomatoes.com/m/the-heart-of-the-game', 'rottentomatoes.com/m/look_at_me', 'rottentomatoes.com/m/turtles_can_fly', 'rottentomatoes.com/m/2046', 'rottentomatoes.com/m/tell_them_who_you_are', 'rottentomatoes.com/m/walk_the_line', 'rottentomatoes.com/m/proposition', 'rottentomatoes.com/m/shake_hands_with_the_devil_the_journey_of_romeo_dallaire', 'rottentomatoes.com/m/beat_that_my_heart_skipped', 'rottentomatoes.com/m/saving_face', 'rottentomatoes.com/m/rois_et_reine', 'rottentomatoes.com/m/mysterious_skin', 'rottentomatoes.com/m/serenity', 'rottentomatoes.com/m/ongbak', 'rottentomatoes.com/m/gunner_palace', 'rottentomatoes.com/m/mad_hot_ballroom', 'rottentomatoes.com/m/cinderella_man', 'rottentomatoes.com/m/hustle_and_flow', 'rottentomatoes.com/m/moustache', 'rottentomatoes.com/m/1153719-syrian_bride', 'rottentomatoes.com/m/rize', 'rottentomatoes.com/m/worlds_fastest_indian', 'rottentomatoes.com/m/the_perfect_crime_2005', 'rottentomatoes.com/m/three_times', 'rottentomatoes.com/m/oldboy', 'rottentomatoes.com/m/sin_city', 'rottentomatoes.com/m/inside_deep_throat', 'rottentomatoes.com/m/me_and_you_and_everyone_we_know', 'rottentomatoes.com/m/de_zaak_alzheimer', 'rottentomatoes.com/m/13_tzameti', 'rottentomatoes.com/m/1149496-1149496-red_eye', 'rottentomatoes.com/m/beyond_the_gates', 'rottentomatoes.com/m/aliens_of_the_deep', 'rottentomatoes.com/m/threeextremes', 'rottentomatoes.com/m/munich', 'rottentomatoes.com/m/layer_cake', 'rottentomatoes.com/m/match_point', 'rottentomatoes.com/m/dear_frankie', 'rottentomatoes.com/m/war_of_the_worlds', 'rottentomatoes.com/m/lost_embrace', 'rottentomatoes.com/m/aristocrats', 'rottentomatoes.com/m/1147812-warrior', 'rottentomatoes.com/m/kontroll', 'rottentomatoes.com/m/chronicles_of_narnia_lion_witch_wardrobe', 'rottentomatoes.com/m/rock_school', 'rottentomatoes.com/m/poohs_heffalump_movie', 'rottentomatoes.com/m/keane', 'rottentomatoes.com/m/wedding_crashers', 'rottentomatoes.com/m/csa_the_confederate_states_of_america', 'rottentomatoes.com/m/zathura_a_space_adventure', 'rottentomatoes.com/m/sisterhood_of_the_traveling_pants', 'rottentomatoes.com/m/upside_of_anger', 'rottentomatoes.com/m/in_her_shoes', 'rottentomatoes.com/m/beautiful_country', 'rottentomatoes.com/m/land_of_the_dead', 'rottentomatoes.com/m/syriana', 'rottentomatoes.com/m/tropical_malady']"
2006,"['rottentomatoes.com/m/pans_labyrinth', 'rottentomatoes.com/m/casino_royale', 'rottentomatoes.com/m/the_queen', 'rottentomatoes.com/m/deliver_us_from_evil', 'rottentomatoes.com/m/children_of_men', 'rottentomatoes.com/m/departed', 'rottentomatoes.com/m/war_tapes', 'rottentomatoes.com/m/mountain_patrol_2006', 'rottentomatoes.com/m/blindsight', 'rottentomatoes.com/m/borat', 'rottentomatoes.com/m/49_up', 'rottentomatoes.com/m/little_miss_sunshine', 'rottentomatoes.com/m/inconvenient_truth', 'rottentomatoes.com/m/letters_from_iwo_jima', 'rottentomatoes.com/m/wordplay', 'rottentomatoes.com/m/the_lives_of_others', 'rottentomatoes.com/m/united_93', 'rottentomatoes.com/m/10008507-deep_water', 'rottentomatoes.com/m/volver', 'rottentomatoes.com/m/tell_no_one_2006', 'rottentomatoes.com/m/offside', 'rottentomatoes.com/m/block_party', 'rottentomatoes.com/m/tuyas_marriage_2006', 'rottentomatoes.com/m/1153570-fateless', 'rottentomatoes.com/m/half_nelson', 'rottentomatoes.com/m/the_death_of_mr_lazarescu', 'rottentomatoes.com/m/jonestown_the_life_and_death_of_peoples_temple', 'rottentomatoes.com/m/lassie', 'rottentomatoes.com/m/blame_it_on_fidel', 'rottentomatoes.com/m/the_last_king_of_scotland', 'rottentomatoes.com/m/inside_man', 'rottentomatoes.com/m/venus', 'rottentomatoes.com/m/duck_season_2006', 'rottentomatoes.com/m/dixie_chicks_shut_up_and_sing', 'rottentomatoes.com/m/heart_of_gold', 'rottentomatoes.com/m/notes_on_a_scandal', 'rottentomatoes.com/m/iraq_in_fragments', 'rottentomatoes.com/m/brand_upon_the_brain', 'rottentomatoes.com/m/descent', 'rottentomatoes.com/m/starter_for_ten', 'rottentomatoes.com/m/who_killed_the_electric_car', 'rottentomatoes.com/m/thank_you_for_smoking', 'rottentomatoes.com/m/1158179-devil_and_daniel_johnston', 'rottentomatoes.com/m/after_the_wedding', 'rottentomatoes.com/m/stephanie_daley', 'rottentomatoes.com/m/slither', 'rottentomatoes.com/m/1196293-reprise', 'rottentomatoes.com/m/man_push_cart', 'rottentomatoes.com/m/jesus_camp', 'rottentomatoes.com/m/sir_no_sir', 'rottentomatoes.com/m/three_burials_of_melquiades_estrada', 'rottentomatoes.com/m/sophie_scholl_die_letzten_tage', 'rottentomatoes.com/m/akeelah_and_the_bee', 'rottentomatoes.com/m/namesake', 'rottentomatoes.com/m/maxed_out', 'rottentomatoes.com/m/the_ground_truth', 'rottentomatoes.com/m/road_to_guantanamo', 'rottentomatoes.com/m/quinceanera', 'rottentomatoes.com/m/the_beauty_academy_of_kabul_2006', 'rottentomatoes.com/m/el_aura', 'rottentomatoes.com/m/prairie_home_companion', 'rottentomatoes.com/m/old_joy', 'rottentomatoes.com/m/this_film_is_not_yet_rated', 'rottentomatoes.com/m/lenfant_2006', 'rottentomatoes.com/m/mutual_appreciation', 'rottentomatoes.com/m/sweet_land', 'rottentomatoes.com/m/kraska-v-nesnazich-beauty-in-trouble', 'rottentomatoes.com/m/air_guitar_nation', 'rottentomatoes.com/m/paprika', 'rottentomatoes.com/m/tsotsi', 'rottentomatoes.com/m/little_children', 'rottentomatoes.com/m/bamako_2007', 'rottentomatoes.com/m/dreamgirls', 'rottentomatoes.com/m/10006485-black_gold', 'rottentomatoes.com/m/come_early_morning', 'rottentomatoes.com/m/brick', 'rottentomatoes.com/m/superman_returns', 'rottentomatoes.com/m/sketches_of_frank_gehry', 'rottentomatoes.com/m/priceless', 'rottentomatoes.com/m/district_b13', 'rottentomatoes.com/m/rocky_balboa', 'rottentomatoes.com/m/prestige', 'rottentomatoes.com/m/charlottes_web', 'rottentomatoes.com/m/comedy_of_power', 'rottentomatoes.com/m/10006849-once_in_a_lifetime', 'rottentomatoes.com/m/the_year_my_parents_went_on_vacation', 'rottentomatoes.com/m/v_for_vendetta', 'rottentomatoes.com/m/riding_alone_for_thousands_of_miles', 'rottentomatoes.com/m/taxidermia', 'rottentomatoes.com/m/transamerica', 'rottentomatoes.com/m/the_devil_wears_prada', 'rottentomatoes.com/m/happy_feet', 'rottentomatoes.com/m/exiled', 'rottentomatoes.com/m/1155622-why_we_fight', 'rottentomatoes.com/m/cars', 'rottentomatoes.com/m/over_the_hedge', 'rottentomatoes.com/m/house_of_sand', 'rottentomatoes.com/m/monster_house', 'rottentomatoes.com/m/10004925-matador', 'rottentomatoes.com/m/us_vs_john_lennon']"
2007,"['rottentomatoes.com/m/ratatouille', 'rottentomatoes.com/m/no_country_for_old_men', 'rottentomatoes.com/m/taxi_to_the_dark_side', 'rottentomatoes.com/m/once', 'rottentomatoes.com/m/the_bands_visit', 'rottentomatoes.com/m/bourne_ultimatum', 'rottentomatoes.com/m/juno', 'rottentomatoes.com/m/persepolis', 'rottentomatoes.com/m/4_months_3_weeks_and_2_days', 'rottentomatoes.com/m/killer_of_sheep', 'rottentomatoes.com/m/gone_baby_gone', 'rottentomatoes.com/m/king_of_kong', 'rottentomatoes.com/m/the_diving_bell_and_the_butterfly_2007', 'rottentomatoes.com/m/ten_canoes', 'rottentomatoes.com/m/enchanted', 'rottentomatoes.com/m/there_will_be_blood', 'rottentomatoes.com/m/for_the_bible_tells_me_so', 'rottentomatoes.com/m/surfwise', 'rottentomatoes.com/m/no_end_in_sight', 'rottentomatoes.com/m/10006630-life_of_reilly', 'rottentomatoes.com/m/grbavica', 'rottentomatoes.com/m/du_levande', 'rottentomatoes.com/m/away_from_her', 'rottentomatoes.com/m/hairspray', 'rottentomatoes.com/m/sicko', 'rottentomatoes.com/m/in_the_shadow_of_the_moon', 'rottentomatoes.com/m/the_host_2007', 'rottentomatoes.com/m/michael_clayton', 'rottentomatoes.com/m/zodiac', 'rottentomatoes.com/m/hot_fuzz', 'rottentomatoes.com/m/knocked_up', 'rottentomatoes.com/m/1195800-my_winnipeg', 'rottentomatoes.com/m/1194818-encounters_at_the_end_of_the_world', 'rottentomatoes.com/m/devil_came_on_horseback', 'rottentomatoes.com/m/up_the_yangtze', 'rottentomatoes.com/m/the_counterfeiters_2007', 'rottentomatoes.com/m/election_2', 'rottentomatoes.com/m/nanking', 'rottentomatoes.com/m/1208_east_of_bucharest', 'rottentomatoes.com/m/310_to_yuma', 'rottentomatoes.com/m/my_kid_could_paint_that', 'rottentomatoes.com/m/eastern_promises', 'rottentomatoes.com/m/this_is_england', 'rottentomatoes.com/m/savages', 'rottentomatoes.com/m/rescue_dawn', 'rottentomatoes.com/m/lake_of_fire', 'rottentomatoes.com/m/superbad', 'rottentomatoes.com/m/waitress', 'rottentomatoes.com/m/simpsons_movie', 'rottentomatoes.com/m/u2_3d', 'rottentomatoes.com/m/10009066-la_graine_et_le_mulet', 'rottentomatoes.com/m/sweeney_todd_the_demon_barber_of_fleet_street_2007', 'rottentomatoes.com/m/before_the_devil_knows_youre_dead', 'rottentomatoes.com/m/italian', 'rottentomatoes.com/m/wind_that_shakes_the_barley', 'rottentomatoes.com/m/unreasonable_man', 'rottentomatoes.com/m/ohorten', 'rottentomatoes.com/m/the_orphanage', 'rottentomatoes.com/m/god_grew_tired_of_us', 'rottentomatoes.com/m/lookout', 'rottentomatoes.com/m/the_edge_of_heaven', 'rottentomatoes.com/m/youngheart', 'rottentomatoes.com/m/2_days_in_paris', 'rottentomatoes.com/m/control', 'rottentomatoes.com/m/1159135-hoax', 'rottentomatoes.com/m/must_read_after_my_death', 'rottentomatoes.com/m/shotgun_stories', 'rottentomatoes.com/m/time_crimes', 'rottentomatoes.com/m/grindhouse', 'rottentomatoes.com/m/joe_strummer_the_future_is_unwritten', 'rottentomatoes.com/m/red_road', 'rottentomatoes.com/m/atonement', 'rottentomatoes.com/m/bridge_to_terabithia', 'rottentomatoes.com/m/show_business', 'rottentomatoes.com/m/starting_out_in_the_evening', 'rottentomatoes.com/m/breach', 'rottentomatoes.com/m/syndromes_and_a_century', 'rottentomatoes.com/m/into_the_wild', 'rottentomatoes.com/m/into_great_silence', 'rottentomatoes.com/m/boy_a', 'rottentomatoes.com/m/paris_je_taime', 'rottentomatoes.com/m/10008234-alexandra', 'rottentomatoes.com/m/live_free_or_die_hard', 'rottentomatoes.com/m/roman_de_gare', 'rottentomatoes.com/m/charlie_wilsons_war', 'rottentomatoes.com/m/the_real_dirt_on_farmer_john_2007', 'rottentomatoes.com/m/time_and_winds', 'rottentomatoes.com/m/i_dont_want_to_sleep_alone', 'rottentomatoes.com/m/american_gangster', 'rottentomatoes.com/m/10008699-terrors_advocate', 'rottentomatoes.com/m/rocket_science', 'rottentomatoes.com/m/talk_to_me', 'rottentomatoes.com/m/gypsy_caravan_when_the_road_bends', 'rottentomatoes.com/m/the_witnesses_2007', 'rottentomatoes.com/m/xxy', 'rottentomatoes.com/m/harry_potter_and_the_order_of_the_phoenix', 'rottentomatoes.com/m/wardance', 'rottentomatoes.com/m/mighty_heart', 'rottentomatoes.com/m/mio_fratello_e_figlio_unico', 'rottentomatoes.com/m/manufactured_landscapes']"
2008,"['rottentomatoes.com/m/the_dark_knight', 'rottentomatoes.com/m/the_wrestler', 'rottentomatoes.com/m/man_on_wire', 'rottentomatoes.com/m/let_the_right_one_in', 'rottentomatoes.com/m/wall_e', 'rottentomatoes.com/m/iron_man', 'rottentomatoes.com/m/frostnixon', 'rottentomatoes.com/m/milk', 'rottentomatoes.com/m/slumdog_millionaire', 'rottentomatoes.com/m/1216014-still_walking', 'rottentomatoes.com/m/waltz_with_bashir', 'rottentomatoes.com/m/the_class', 'rottentomatoes.com/m/1195103-happy_go_lucky', 'rottentomatoes.com/m/35_shots_of_rum', 'rottentomatoes.com/m/burma-vj', 'rottentomatoes.com/m/chop_shop', 'rottentomatoes.com/m/bigger_stronger_faster_asterisk', 'rottentomatoes.com/m/trouble_the_water', 'rottentomatoes.com/m/les-plages-dagnes', 'rottentomatoes.com/m/the_pool', 'rottentomatoes.com/m/10009355-sugar', 'rottentomatoes.com/m/not_quite_hollywood', 'rottentomatoes.com/m/gomorrah', 'rottentomatoes.com/m/bolt', 'rottentomatoes.com/m/hellboy_2_the_golden_army', 'rottentomatoes.com/m/caramel', 'rottentomatoes.com/m/1197307-ballast', 'rottentomatoes.com/m/1202867-dear_zachary', 'rottentomatoes.com/m/hunger_2008', 'rottentomatoes.com/m/transsiberian', 'rottentomatoes.com/m/10008820-visitor', 'rottentomatoes.com/m/kung_fu_panda', 'rottentomatoes.com/m/moscow_belgium', 'rottentomatoes.com/m/frozen_river', 'rottentomatoes.com/m/ive_loved_you_so_long', 'rottentomatoes.com/m/1190970-ghost_town', 'rottentomatoes.com/m/10009419-mommas_man', 'rottentomatoes.com/m/wendy_and_lucy', 'rottentomatoes.com/m/tropic_thunder', 'rottentomatoes.com/m/rachel_getting_married', 'rottentomatoes.com/m/grocers_son', 'rottentomatoes.com/m/in_bruges', 'rottentomatoes.com/m/the_unforeseen', 'rottentomatoes.com/m/10009929-a_christmas_tale', 'rottentomatoes.com/m/mongol', 'rottentomatoes.com/m/shine_a_light', 'rottentomatoes.com/m/forgetting_sarah_marshall', 'rottentomatoes.com/m/24_city', 'rottentomatoes.com/m/wolke_neun', 'rottentomatoes.com/m/i_o_u_s_a', 'rottentomatoes.com/m/gonzo-the-life-and-work-of-dr-hunter-s-thompson', 'rottentomatoes.com/m/vicky_cristina_barcelona', 'rottentomatoes.com/m/indiana_jones_and_the_kingdom_of_the_crystal_skull', 'rottentomatoes.com/m/meduzot', 'rottentomatoes.com/m/baader_meinhof_complex', 'rottentomatoes.com/m/lornas_silence', 'rottentomatoes.com/m/two_lovers', 'rottentomatoes.com/m/flammen_and_citronen', 'rottentomatoes.com/m/burn_after_reading', 'rottentomatoes.com/m/jcvd', 'rottentomatoes.com/m/doubt', 'rottentomatoes.com/m/in_search_of_a_midnight_kiss', 'rottentomatoes.com/m/spiderwick_chronicles', 'rottentomatoes.com/m/beaufort', 'rottentomatoes.com/m/cloverfield', 'rottentomatoes.com/m/roman_polanski_wanted_and_desired', 'rottentomatoes.com/m/black_balloon', 'rottentomatoes.com/m/1189844-the_bank_job', 'rottentomatoes.com/m/horton-hears-a-who2008', 'rottentomatoes.com/m/disgrace', 'rottentomatoes.com/m/1216067-fifty_dead_men_walking', 'rottentomatoes.com/m/chicago_10', 'rottentomatoes.com/m/nothing_but_the_truth_2008', 'rottentomatoes.com/m/miss_pettigrew_lives_for_a_day', 'rottentomatoes.com/m/kit_kittredge_an_american_girl', 'rottentomatoes.com/m/role_models', 'rottentomatoes.com/m/i_served_the_king_of_england', 'rottentomatoes.com/m/standard_operating_procedure', 'rottentomatoes.com/m/baghead', 'rottentomatoes.com/m/water_lilies', 'rottentomatoes.com/m/flow_for_love_of_water', 'rottentomatoes.com/m/10008785-appaloosa', 'rottentomatoes.com/m/yella', 'rottentomatoes.com/m/curious_case_of_benjamin_button', 'rottentomatoes.com/m/nick_and_norahs_infinite_playlist', 'rottentomatoes.com/m/un_secret', 'rottentomatoes.com/m/afterschool', 'rottentomatoes.com/m/body_of_war', 'rottentomatoes.com/m/ashes_of_time_redux_2008', 'rottentomatoes.com/m/cherry_blossoms_hanami', 'rottentomatoes.com/m/che_part_two', 'rottentomatoes.com/m/1194209-elegy', 'rottentomatoes.com/m/1174279-wanted', 'rottentomatoes.com/m/three_monkeys', 'rottentomatoes.com/m/1197120-oss_117_cairo_nest_of_spies', 'rottentomatoes.com/m/10010237-tokyo', 'rottentomatoes.com/m/headless_woman', 'rottentomatoes.com/m/girl_cut_in_two', 'rottentomatoes.com/m/synecdoche_new_york', 'rottentomatoes.com/m/the_incredible_hulk']"
2009,"['rottentomatoes.com/m/up', 'rottentomatoes.com/m/the_hurt_locker', 'rottentomatoes.com/m/star_trek_11', 'rottentomatoes.com/m/anvil_the_story_of_anvil', 'rottentomatoes.com/m/afghan_star', 'rottentomatoes.com/m/1197696-fantastic_mr_fox', 'rottentomatoes.com/m/drag_me_to_hell', 'rottentomatoes.com/m/district_9', 'rottentomatoes.com/m/inglourious_basterds', 'rottentomatoes.com/m/precious', 'rottentomatoes.com/m/up_in_the_air_2009', 'rottentomatoes.com/m/in_the_loop', 'rottentomatoes.com/m/an_education', 'rottentomatoes.com/m/coraline', 'rottentomatoes.com/m/1208882-cove', 'rottentomatoes.com/m/cell-211', 'rottentomatoes.com/m/song_of_sparrows', 'rottentomatoes.com/m/sweetgrass', 'rottentomatoes.com/m/food_inc', 'rottentomatoes.com/m/revanche', 'rottentomatoes.com/m/tulpan', 'rottentomatoes.com/m/zombieland', 'rottentomatoes.com/m/good_hair', 'rottentomatoes.com/m/daniel_ellsberg_doc', 'rottentomatoes.com/m/somers_town', 'rottentomatoes.com/m/goodbye_solo', 'rottentomatoes.com/m/summer_hours', 'rottentomatoes.com/m/crazy_heart', 'rottentomatoes.com/m/10011003-crude', 'rottentomatoes.com/m/1209767-mary_and_max', 'rottentomatoes.com/m/ponyo', 'rottentomatoes.com/m/a_serious_man', 'rottentomatoes.com/m/tokyo_sonata', 'rottentomatoes.com/m/moon', 'rottentomatoes.com/m/damned_united', 'rottentomatoes.com/m/adventureland', 'rottentomatoes.com/m/10011016-messenger', 'rottentomatoes.com/m/1203291-under_the_sea_3d', 'rottentomatoes.com/m/la_nana', 'rottentomatoes.com/m/every_little_step', 'rottentomatoes.com/m/yoo_hoo_mrs_goldberg', 'rottentomatoes.com/m/red_cliff', 'rottentomatoes.com/m/of_time_and_the_city', 'rottentomatoes.com/m/in_search_of_beethoven', 'rottentomatoes.com/m/harry_potter_and_the_half_blood_prince', 'rottentomatoes.com/m/il_divo', 'rottentomatoes.com/m/everlasting_moments', 'rottentomatoes.com/m/avatar', 'rottentomatoes.com/m/500_days_of_summer', 'rottentomatoes.com/m/etz_limon', 'rottentomatoes.com/m/1207748-katyn', 'rottentomatoes.com/m/1218217-single_man', 'rottentomatoes.com/m/10009823-sin_nombre', 'rottentomatoes.com/m/1196003-princess_and_the_frog', 'rottentomatoes.com/m/1213731-worlds_greatest_dad', 'rottentomatoes.com/m/the_girl_with_the_dragon_tattoo_2009', 'rottentomatoes.com/m/1193230-state_of_play', 'rottentomatoes.com/m/bad_lieutenant_port_of_call_new_orleans', 'rottentomatoes.com/m/seraphine', 'rottentomatoes.com/m/white_ribbon', 'rottentomatoes.com/m/1196077-cloudy_with_a_chance_of_meatballs', 'rottentomatoes.com/m/whip_it', 'rottentomatoes.com/m/1203732-me_and_orson_welles', 'rottentomatoes.com/m/i_love_you_man', 'rottentomatoes.com/m/paranormal_activity', 'rottentomatoes.com/m/mid_august_lunch', 'rottentomatoes.com/m/1208128-tyson', 'rottentomatoes.com/m/gran_torino', 'rottentomatoes.com/m/1215792-amreeka', 'rottentomatoes.com/m/disneynature_earth_2009', 'rottentomatoes.com/m/1213684-big_fan', 'rottentomatoes.com/m/la-danse----le-ballet-de-lopera-de-paris', 'rottentomatoes.com/m/the_house_of_the_devil_2009', 'rottentomatoes.com/m/bright_star', 'rottentomatoes.com/m/treeless_mountain', 'rottentomatoes.com/m/michael_jackson_this_is_it', 'rottentomatoes.com/m/broken_embraces', 'rottentomatoes.com/m/1200661-informant', 'rottentomatoes.com/m/pontypool', 'rottentomatoes.com/m/september_issue', 'rottentomatoes.com/m/10010667-hangover', 'rottentomatoes.com/m/soul_power', 'rottentomatoes.com/m/10011284-skin', 'rottentomatoes.com/m/bandslam', 'rottentomatoes.com/m/julie_and_julia', 'rottentomatoes.com/m/black_dynamite', 'rottentomatoes.com/m/invictus', 'rottentomatoes.com/m/1213732-no_impact_man', 'rottentomatoes.com/m/10011949-collapse', 'rottentomatoes.com/m/10011304-thirst', 'rottentomatoes.com/m/humpday', 'rottentomatoes.com/m/10010675-departures', 'rottentomatoes.com/m/1217389-we_live_in_public', 'rottentomatoes.com/m/a_town_called_panic', 'rottentomatoes.com/m/it_might_get_loud', 'rottentomatoes.com/m/where_the_wild_things_are', 'rottentomatoes.com/m/the_road_2009', 'rottentomatoes.com/m/police_adjective', 'rottentomatoes.com/m/young_victoria', 'rottentomatoes.com/m/1212111-triangle']"
2010,"['rottentomatoes.com/m/toy_story_3', 'rottentomatoes.com/m/the-social-network', 'rottentomatoes.com/m/how_to_train_your_dragon', 'rottentomatoes.com/m/true_grit_2010', 'rottentomatoes.com/m/the_kings_speech', 'rottentomatoes.com/m/inside_job_2010', 'rottentomatoes.com/m/waste-land', 'rottentomatoes.com/m/last_train_home-2009', 'rottentomatoes.com/m/1213205-prophet', 'rottentomatoes.com/m/127_hours', 'rottentomatoes.com/m/marwencol', 'rottentomatoes.com/m/the_town', 'rottentomatoes.com/m/restrepo', 'rottentomatoes.com/m/madeo', 'rottentomatoes.com/m/10012136-winters_bone', 'rottentomatoes.com/m/exit_through_the_gift_shop', 'rottentomatoes.com/m/10012141-kids_are_all_right', 'rottentomatoes.com/m/animal_kingdom', 'rottentomatoes.com/m/inception', 'rottentomatoes.com/m/gasland', 'rottentomatoes.com/m/ajami', 'rottentomatoes.com/m/film_unfinished', 'rottentomatoes.com/m/another_year_2010', 'rottentomatoes.com/m/the_fighter_2011', 'rottentomatoes.com/m/no_one_knows_about_persian_cats', 'rottentomatoes.com/m/tangled', 'rottentomatoes.com/m/boxing_gym', 'rottentomatoes.com/m/best_worst_movie', 'rottentomatoes.com/m/let_me_in', 'rottentomatoes.com/m/fish_tank', 'rottentomatoes.com/m/the_tillman_story', 'rottentomatoes.com/m/black_swan_2010', 'rottentomatoes.com/m/10011295-samson_and_delilah', 'rottentomatoes.com/m/joan-rivers-a-piece-of-work', 'rottentomatoes.com/m/carlos_2010', 'rottentomatoes.com/m/dogtooth', 'rottentomatoes.com/m/vincere', 'rottentomatoes.com/m/the_illusionist-2009', 'rottentomatoes.com/m/lourdes_2010', 'rottentomatoes.com/m/waiting_for_superman', 'rottentomatoes.com/m/rabbit_hole', 'rottentomatoes.com/m/secret_in_their_eyes', 'rottentomatoes.com/m/lebanon-2010', 'rottentomatoes.com/m/unstoppable-2010', 'rottentomatoes.com/m/rare_exports', 'rottentomatoes.com/m/blue_valentine', 'rottentomatoes.com/m/the-secret-of-kells', 'rottentomatoes.com/m/alamar', 'rottentomatoes.com/m/cropsey', 'rottentomatoes.com/m/buried', 'rottentomatoes.com/m/untitled_eliot_spitzer_project', 'rottentomatoes.com/m/winnebago_man', 'rottentomatoes.com/m/my-dog-tulip', 'rottentomatoes.com/m/father_of_my_children', 'rottentomatoes.com/m/0878835', 'rottentomatoes.com/m/easy-a', 'rottentomatoes.com/m/scott_pilgrims_vs_the_world', 'rottentomatoes.com/m/los_ojos_de_julia', 'rottentomatoes.com/m/10012063-ghost_writer', 'rottentomatoes.com/m/get_low', 'rottentomatoes.com/m/terribly_happy', 'rottentomatoes.com/m/hubble_3d', 'rottentomatoes.com/m/alle_anderen', 'rottentomatoes.com/m/white_material', 'rottentomatoes.com/m/the_square', 'rottentomatoes.com/m/farewell', 'rottentomatoes.com/m/looking_for_eric', 'rottentomatoes.com/m/1214097-despicable_me', 'rottentomatoes.com/m/red_riding_trilogy', 'rottentomatoes.com/m/four_lions', 'rottentomatoes.com/m/art_of_the_steal', 'rottentomatoes.com/m/harry_potter_and_the_deathly_hallows_part_1', 'rottentomatoes.com/m/kisses2008', 'rottentomatoes.com/m/north_face', 'rottentomatoes.com/m/i_am_love', 'rottentomatoes.com/m/city_island', 'rottentomatoes.com/m/cyrus', 'rottentomatoes.com/m/catfish', 'rottentomatoes.com/m/1217700-kick_ass', 'rottentomatoes.com/m/other_guys', 'rottentomatoes.com/m/fair-game-2010', 'rottentomatoes.com/m/nowhere_boy', 'rottentomatoes.com/m/mademoiselle_chambon', 'rottentomatoes.com/m/made_in_dagenham', 'rottentomatoes.com/m/mesrine_killer_instinct', 'rottentomatoes.com/m/disappearance_of_alice_creed', 'rottentomatoes.com/m/vision_2010', 'rottentomatoes.com/m/casino_jack_and_the_united_state_of_money', 'rottentomatoes.com/m/the_good_the_bad_the_weird', 'rottentomatoes.com/m/mesrine_public_enemy_1', 'rottentomatoes.com/m/cairo_time', 'rottentomatoes.com/m/tiny_furniture-2009', 'rottentomatoes.com/m/night_catches_us', 'rottentomatoes.com/m/disneynature_oceans', 'rottentomatoes.com/m/iron_man_2', 'rottentomatoes.com/m/mother_and_child', 'rottentomatoes.com/m/greenberg', 'rottentomatoes.com/m/countdown_to_zero', 'rottentomatoes.com/m/1208173-splice', 'rottentomatoes.com/m/solitary_man']"
2011,"['rottentomatoes.com/m/harry_potter_and_the_deathly_hallows_part_2_2011', 'rottentomatoes.com/m/the_artist', 'rottentomatoes.com/m/a_separation_2011', 'rottentomatoes.com/m/moneyball', 'rottentomatoes.com/m/the_muppets', 'rottentomatoes.com/m/poetry_2010', 'rottentomatoes.com/m/drive_2011', 'rottentomatoes.com/m/le_havre_2011', 'rottentomatoes.com/m/the_interrupters_2011', 'rottentomatoes.com/m/project_nim', 'rottentomatoes.com/m/mission_impossible_ghost_protocol', 'rottentomatoes.com/m/nostalgia_for_the_light', 'rottentomatoes.com/m/everyday_sunshine_the_story_of_fishbone_2011', 'rottentomatoes.com/m/bill_cunningham_new_york_2010', 'rottentomatoes.com/m/we_were_here_voices_from_the_aids_years_in_san_francisco', 'rottentomatoes.com/m/sholem_aleichem_laughing_in_the_darkness_2011', 'rottentomatoes.com/m/source_code', 'rottentomatoes.com/m/hugo', 'rottentomatoes.com/m/midnight_in_paris', 'rottentomatoes.com/m/cave_of_forgotten_dreams', 'rottentomatoes.com/m/bridesmaids_2011', 'rottentomatoes.com/m/win_win_2011', 'rottentomatoes.com/m/5050_2011', 'rottentomatoes.com/m/born_to_be_wild_2011', 'rottentomatoes.com/m/13_assassins_2011', 'rottentomatoes.com/m/pariah_2011', 'rottentomatoes.com/m/the_guard_2011', 'rottentomatoes.com/m/pina_3d', 'rottentomatoes.com/m/tomboy_2011', 'rottentomatoes.com/m/arthur_christmas', 'rottentomatoes.com/m/weekend_2011', 'rottentomatoes.com/m/take_shelter', 'rottentomatoes.com/m/being_elmo_a_puppeteers_journey', 'rottentomatoes.com/m/silent_souls', 'rottentomatoes.com/m/the_arbor_2010', 'rottentomatoes.com/m/coriolanus_2010', 'rottentomatoes.com/m/martha_marcy_may_marlene', 'rottentomatoes.com/m/senna', 'rottentomatoes.com/m/of_gods_and_men', 'rottentomatoes.com/m/x_men_first_class', 'rottentomatoes.com/m/the_descendants_2011', 'rottentomatoes.com/m/attack_the_block', 'rottentomatoes.com/m/incendies', 'rottentomatoes.com/m/tabloid_2010', 'rottentomatoes.com/m/into_the_abyss_2011', 'rottentomatoes.com/m/the_girl_with_the_dragon_tattoo', 'rottentomatoes.com/m/rango', 'rottentomatoes.com/m/king_of_devils_island_2011', 'rottentomatoes.com/m/winnie_the_pooh_2011', 'rottentomatoes.com/m/the_four_times', 'rottentomatoes.com/m/city_of_life_and_death', 'rottentomatoes.com/m/contagion_2011', 'rottentomatoes.com/m/knuckle_2011', 'rottentomatoes.com/m/the_tree_of_life_2011', 'rottentomatoes.com/m/the_black_power_mix_tape_1967_1975', 'rottentomatoes.com/m/certified_copy', 'rottentomatoes.com/m/point_blank', 'rottentomatoes.com/m/cormans_world_exploits_of_a_hollywood_rebel', 'rottentomatoes.com/m/buck', 'rottentomatoes.com/m/submarine-2010', 'rottentomatoes.com/m/margin_call', 'rottentomatoes.com/m/the_trip_2011', 'rottentomatoes.com/m/elite_squad_the_enemy_within', 'rottentomatoes.com/m/uncle_boonmee', 'rottentomatoes.com/m/beats_rhymes_and_life_the_travels_of_a_tribe_called_quest', 'rottentomatoes.com/m/cedar_rapids_2010', 'rottentomatoes.com/m/the_ides_of_march', 'rottentomatoes.com/m/rise_of_the_planet_of_the_apes', 'rottentomatoes.com/m/1209933-puss_in_boots', 'rottentomatoes.com/m/super_8', 'rottentomatoes.com/m/tinker_tailor_soldier_spy', 'rottentomatoes.com/m/armadillo_2010', 'rottentomatoes.com/m/beginners', 'rottentomatoes.com/m/meeks_cutoff', 'rottentomatoes.com/m/terri_2011', 'rottentomatoes.com/m/jane_eyre_2011', 'rottentomatoes.com/m/1212910-warrior', 'rottentomatoes.com/m/bobby_fischer_against_the_world', 'rottentomatoes.com/m/captain_america_the_first_avenger', 'rottentomatoes.com/m/carancho', 'rottentomatoes.com/m/my_week_with_marilyn', 'rottentomatoes.com/m/the_hedgehog', 'rottentomatoes.com/m/a_screaming_man', 'rottentomatoes.com/m/lincoln_lawyer', 'rottentomatoes.com/m/even_the_rain', 'rottentomatoes.com/m/viva_riva', 'rottentomatoes.com/m/tucker_and_dale_vs_evil', 'rottentomatoes.com/m/a_better_life', 'rottentomatoes.com/m/circumstance', 'rottentomatoes.com/m/mysteries_of_lisbon', 'rottentomatoes.com/m/kung_fu_panda_the_kaboom_of_doom', 'rottentomatoes.com/m/crazy_stupid_love_2011', 'rottentomatoes.com/m/melancholia_2011', 'rottentomatoes.com/m/la_princesse_de_montpensier', 'rottentomatoes.com/m/thor', 'rottentomatoes.com/m/the_skin_i_live_in', 'rottentomatoes.com/m/potiche', 'rottentomatoes.com/m/la_tete_en_friche', 'rottentomatoes.com/m/shame_2011', 'rottentomatoes.com/m/young_adult']"
2012,"['rottentomatoes.com/m/argo_2012', 'rottentomatoes.com/m/skyfall', 'rottentomatoes.com/m/marvels_the_avengers', 'rottentomatoes.com/m/looper', 'rottentomatoes.com/m/moonrise_kingdom', 'rottentomatoes.com/m/the_cabin_in_the_woods', 'rottentomatoes.com/m/jiro_dreams_of_sushi', 'rottentomatoes.com/m/silver_linings_playbook', 'rottentomatoes.com/m/the_dark_knight_rises', 'rottentomatoes.com/m/amour_2013', 'rottentomatoes.com/m/the_invisible_war', 'rottentomatoes.com/m/monsieur_lazhar_2011', 'rottentomatoes.com/m/the_kid_with_a_bike', 'rottentomatoes.com/m/ai_weiwei_never_sorry_2012', 'rottentomatoes.com/m/how_to_survive_a_plague', 'rottentomatoes.com/m/the_secret_world_of_arrietty', 'rottentomatoes.com/m/this_is_not_a_film_2011', 'rottentomatoes.com/m/lincoln_2011', 'rottentomatoes.com/m/searching_for_sugar_man', 'rottentomatoes.com/m/the_loved_ones_2012', 'rottentomatoes.com/m/undefeated_2012', 'rottentomatoes.com/m/beware_of_mr_baker', 'rottentomatoes.com/m/holy_motors', 'rottentomatoes.com/m/mea_maxima_culpa_silence_in_the_house_of_god', 'rottentomatoes.com/m/the_island_president', 'rottentomatoes.com/m/the_queen_of_versailles', 'rottentomatoes.com/m/oslo_august_31st', 'rottentomatoes.com/m/west_of_memphis', 'rottentomatoes.com/m/the_imposter_2012', 'rottentomatoes.com/m/marley', 'rottentomatoes.com/m/the_sessions', 'rottentomatoes.com/m/django_unchained_2012', 'rottentomatoes.com/m/chasing_ice_2012', 'rottentomatoes.com/m/lenfant_den_haut', 'rottentomatoes.com/m/wake_in_fright', 'rottentomatoes.com/m/brooklyn_castle_2012', 'rottentomatoes.com/m/5_broken_cameras_2012', 'rottentomatoes.com/m/marina_abramovic_the_artist_is_present_2012', 'rottentomatoes.com/m/barbara_2012', 'rottentomatoes.com/m/safety_not_guaranteed', 'rottentomatoes.com/m/headhunters', 'rottentomatoes.com/m/i_wish_2012', 'rottentomatoes.com/m/the_hunger_games', 'rottentomatoes.com/m/diana_vreeland_the_eye_has_to_travel_2012', 'rottentomatoes.com/m/the_house_i_live_in', 'rottentomatoes.com/m/paranorman', 'rottentomatoes.com/m/elena_2012', 'rottentomatoes.com/m/sing_your_song', 'rottentomatoes.com/m/life-of-pi', 'rottentomatoes.com/m/farewell_my_queen', 'rottentomatoes.com/m/frankenweenie_2012', 'rottentomatoes.com/m/first_position_2011', 'rottentomatoes.com/m/side_by_side_2012', 'rottentomatoes.com/m/once_upon_a_time_in_anatolia', 'rottentomatoes.com/m/the_central_park_five_2012', 'rottentomatoes.com/m/compliance_2012', 'rottentomatoes.com/m/bernie_2011', 'rottentomatoes.com/m/wreck_it_ralph', 'rottentomatoes.com/m/turn_me_on_dammit', 'rottentomatoes.com/m/o_som_ao_redor_2012', 'rottentomatoes.com/m/the_master_2011', 'rottentomatoes.com/m/beasts_of_the_southern_wild', 'rottentomatoes.com/m/en_kongelig_affaere', 'rottentomatoes.com/m/21_jump_street_2011', 'rottentomatoes.com/m/arbitrage', 'rottentomatoes.com/m/electric_boogaloo_the_wild_untold_story_of_cannon_films', 'rottentomatoes.com/m/the_raid_redemption', 'rottentomatoes.com/m/keep_the_lights_on', 'rottentomatoes.com/m/chronicle', 'rottentomatoes.com/m/footnote', 'rottentomatoes.com/m/in_darkness_2011', 'rottentomatoes.com/m/end_of_watch', 'rottentomatoes.com/m/the_pirates_band_of_misfits', 'rottentomatoes.com/m/seven_psychopaths', 'rottentomatoes.com/m/the_perks_of_being_a_wallflower', 'rottentomatoes.com/m/robot_and_frank', 'rottentomatoes.com/m/la_fee', 'rottentomatoes.com/m/the_turin_horse', 'rottentomatoes.com/m/boy_2012', 'rottentomatoes.com/m/bully_2012', 'rottentomatoes.com/m/neil_young_journeys', 'rottentomatoes.com/m/polisse_2011', 'rottentomatoes.com/m/tabu_2012', 'rottentomatoes.com/m/rundskop_2012', 'rottentomatoes.com/m/middle_of_nowhere', 'rottentomatoes.com/m/chico_and_rita', 'rottentomatoes.com/m/miss_bala_2011', 'rottentomatoes.com/m/the_well_diggers_daughter', 'rottentomatoes.com/m/the_impossible_2012', 'rottentomatoes.com/m/your_sisters_sister', 'rottentomatoes.com/m/de_rouille_et_dos_2012', 'rottentomatoes.com/m/sleepwalk_with_me', 'rottentomatoes.com/m/snabba_cash_2012', 'rottentomatoes.com/m/starlet_2012', 'rottentomatoes.com/m/brave_2012', 'rottentomatoes.com/m/haywire_2011', 'rottentomatoes.com/m/magic_mike', 'rottentomatoes.com/m/declaration_of_war', 'rottentomatoes.com/m/the_big_picture_2012', 'rottentomatoes.com/m/detropia_2012']"
2013,"['rottentomatoes.com/m/12_years_a_slave', 'rottentomatoes.com/m/gravity_2013', 'rottentomatoes.com/m/before_midnight_2013', 'rottentomatoes.com/m/her', 'rottentomatoes.com/m/short_term_12_2013', 'rottentomatoes.com/m/captain_phillips', 'rottentomatoes.com/m/mud_2013', 'rottentomatoes.com/m/american_hustle', 'rottentomatoes.com/m/20_feet_from_stardom', 'rottentomatoes.com/m/all_is_lost_2013', 'rottentomatoes.com/m/inside_llewyn_davis_2013', 'rottentomatoes.com/m/wadjda_2013', 'rottentomatoes.com/m/dallas_buyers_club_2013', 'rottentomatoes.com/m/zero_dark_thirty', 'rottentomatoes.com/m/blackfish_2013', 'rottentomatoes.com/m/enough_said_2013', 'rottentomatoes.com/m/fruitvale_station', 'rottentomatoes.com/m/the_square_2013', 'rottentomatoes.com/m/the_hunger_games_catching_fire', 'rottentomatoes.com/m/sound_city', 'rottentomatoes.com/m/56_up', 'rottentomatoes.com/m/the_act_of_killing', 'rottentomatoes.com/m/nebraska', 'rottentomatoes.com/m/more_than_honey', 'rottentomatoes.com/m/the_selfish_giant_2013', 'rottentomatoes.com/m/a_hijacking', 'rottentomatoes.com/m/frozen_2013', 'rottentomatoes.com/m/muscle_shoals_2013', 'rottentomatoes.com/m/stories_we_tell', 'rottentomatoes.com/m/call_me_kuchu_2011', 'rottentomatoes.com/m/let_the_fire_burn_2013', 'rottentomatoes.com/m/blue_jasmine', 'rottentomatoes.com/m/frances_ha', 'rottentomatoes.com/m/blancanieves', 'rottentomatoes.com/m/room_237_2012', 'rottentomatoes.com/m/philomena', 'rottentomatoes.com/m/the_worlds_end', 'rottentomatoes.com/m/rush_2013', 'rottentomatoes.com/m/lore', 'rottentomatoes.com/m/the_gatekeepers_2012', 'rottentomatoes.com/m/the_hunt_2013', 'rottentomatoes.com/m/no_2012', 'rottentomatoes.com/m/le_passe', 'rottentomatoes.com/m/behind_the_candelabra', 'rottentomatoes.com/m/the_spectacular_now', 'rottentomatoes.com/m/i_am_divine', 'rottentomatoes.com/m/cutie_and_the_boxer', 'rottentomatoes.com/m/museum_hours', 'rottentomatoes.com/m/the_crash_reel_2013', 'rottentomatoes.com/m/a_touch_of_sin', 'rottentomatoes.com/m/in_a_world_2013', 'rottentomatoes.com/m/blue_is_the_warmest_color', 'rottentomatoes.com/m/the_sapphires_2012', 'rottentomatoes.com/m/the_great_beauty', 'rottentomatoes.com/m/the_history_of_future_folk_2012', 'rottentomatoes.com/m/war_witch', 'rottentomatoes.com/m/star_trek_into_darkness', 'rottentomatoes.com/m/drug_war_2013', 'rottentomatoes.com/m/a_band_called_death_2013', 'rottentomatoes.com/m/the_conjuring', 'rottentomatoes.com/m/beyond_the_hills_2012', 'rottentomatoes.com/m/we_steal_secrets_the_story_of_wikileaks_2013', 'rottentomatoes.com/m/our_children_2012', 'rottentomatoes.com/m/deceptive_practice_the_mysteries_and_mentors_of_ricky_jay', 'rottentomatoes.com/m/still_mine', 'rottentomatoes.com/m/after_tiller_2013', 'rottentomatoes.com/m/caesar_must_die_2012', 'rottentomatoes.com/m/gimme_the_loot_2012', 'rottentomatoes.com/m/the_punk_singer_2013', 'rottentomatoes.com/m/much_ado_about_nothing_2012', 'rottentomatoes.com/m/the_angels_share', 'rottentomatoes.com/m/iron_man_3', 'rottentomatoes.com/m/what_richard_did', 'rottentomatoes.com/m/mother_of_george_2013', 'rottentomatoes.com/m/our_nixon', 'rottentomatoes.com/m/this_is_the_end', 'rottentomatoes.com/m/inequality_for_all_2013', 'rottentomatoes.com/m/a_place_at_the_table_2013', 'rottentomatoes.com/m/upstream_color', 'rottentomatoes.com/m/my_brother_the_devil_2012', 'rottentomatoes.com/m/fill_the_void', 'rottentomatoes.com/m/prisoners_2013', 'rottentomatoes.com/m/what_maisie_knew_2012', 'rottentomatoes.com/m/sunshine_on_leith', 'rottentomatoes.com/m/koch_2012', 'rottentomatoes.com/m/in_the_house_2013', 'rottentomatoes.com/m/computer_chess_2013', 'rottentomatoes.com/m/the_wolf_of_wall_street_2013', 'rottentomatoes.com/m/hannah_arendt', 'rottentomatoes.com/m/the_way_way_back', 'rottentomatoes.com/m/yossi_2013', 'rottentomatoes.com/m/narco_cultura_2013', 'rottentomatoes.com/m/side_effects_2013', 'rottentomatoes.com/m/saving_mr_banks_2013', 'rottentomatoes.com/m/happy_people_a_year_in_the_taiga', 'rottentomatoes.com/m/warm_bodies', 'rottentomatoes.com/m/we_are_what_we_are_2013', 'rottentomatoes.com/m/the_trials_of_muhammad_ali_2013', 'rottentomatoes.com/m/from_up_on_poppy_hill', 'rottentomatoes.com/m/the_silence_2013']"
2014,"['rottentomatoes.com/m/selma', 'rottentomatoes.com/m/boyhood', 'rottentomatoes.com/m/the_babadook', 'rottentomatoes.com/m/the_lego_movie', 'rottentomatoes.com/m/whiplash_2014', 'rottentomatoes.com/m/nightcrawler', 'rottentomatoes.com/m/life_itself', 'rottentomatoes.com/m/birdman_2014', 'rottentomatoes.com/m/guardians_of_the_galaxy', 'rottentomatoes.com/m/the_grand_budapest_hotel', 'rottentomatoes.com/m/mr_turner', 'rottentomatoes.com/m/live_die_repeat_edge_of_tomorrow', 'rottentomatoes.com/m/snowpiercer', 'rottentomatoes.com/m/two_days_one_night', 'rottentomatoes.com/m/gloria_2012', 'rottentomatoes.com/m/x_men_days_of_future_past', 'rottentomatoes.com/m/the_tale_of_the_princess_kaguya', 'rottentomatoes.com/m/starred_up', 'rottentomatoes.com/m/dawn_of_the_planet_of_the_apes', 'rottentomatoes.com/m/leviafan', 'rottentomatoes.com/m/captain_america_the_winter_soldier_2014', 'rottentomatoes.com/m/jodorowskys_dune', 'rottentomatoes.com/m/song_of_the_sea_2014', 'rottentomatoes.com/m/ida_2013', 'rottentomatoes.com/m/gone_girl', 'rottentomatoes.com/m/the_missing_picture', 'rottentomatoes.com/m/citizenfour', 'rottentomatoes.com/m/blue_ruin', 'rottentomatoes.com/m/the_lunchbox', 'rottentomatoes.com/m/we_are_the_best', 'rottentomatoes.com/m/ilo_ilo', 'rottentomatoes.com/m/elaine_stritch_shoot_me_2013', 'rottentomatoes.com/m/a_girl_walks_home_alone_at_night', 'rottentomatoes.com/m/ernest_and_celestine', 'rottentomatoes.com/m/the_imitation_game', 'rottentomatoes.com/m/force_majeure_2014', 'rottentomatoes.com/m/love_is_strange_2014', 'rottentomatoes.com/m/locke', 'rottentomatoes.com/m/the_overnighters', 'rottentomatoes.com/m/wild_2014', 'rottentomatoes.com/m/summers_tale', 'rottentomatoes.com/m/big_hero_6', 'rottentomatoes.com/m/keep_on_keepin_on', 'rottentomatoes.com/m/nas_time_is_illmatic_2014', 'rottentomatoes.com/m/finding_vivian_maier', 'rottentomatoes.com/m/how_to_train_your_dragon_2', 'rottentomatoes.com/m/frank_2014', 'rottentomatoes.com/m/20000_days_on_earth', 'rottentomatoes.com/m/pride_2014', 'rottentomatoes.com/m/manakamana', 'rottentomatoes.com/m/stranger_by_the_lake', 'rottentomatoes.com/m/particle_fever', 'rottentomatoes.com/m/the_last_of_the_unjust', 'rottentomatoes.com/m/foxcatcher', 'rottentomatoes.com/m/national_gallery', 'rottentomatoes.com/m/the_drop', 'rottentomatoes.com/m/the_rocket', 'rottentomatoes.com/m/last_days_in_vietnam', 'rottentomatoes.com/m/obvious_child', 'rottentomatoes.com/m/dear_white_people', 'rottentomatoes.com/m/housebound', 'rottentomatoes.com/m/the_dance_of_reality', 'rottentomatoes.com/m/calvary_2013', 'rottentomatoes.com/m/the_normal_heart', 'rottentomatoes.com/m/diplomatie', 'rottentomatoes.com/m/the_guest_2014', 'rottentomatoes.com/m/the_wind_rises', 'rottentomatoes.com/m/le_week_end', 'rottentomatoes.com/m/childs_pose', 'rottentomatoes.com/m/the_internets_own_boy_the_story_of_aaron_swartz', 'rottentomatoes.com/m/john_wick', 'rottentomatoes.com/m/chef_2014', 'rottentomatoes.com/m/under_the_skin_2013', 'rottentomatoes.com/m/only_lovers_left_alive', 'rottentomatoes.com/m/the_way_he_looks', 'rottentomatoes.com/m/shes_beautiful_when_shes_angry', 'rottentomatoes.com/m/norte_the_end_of_history', 'rottentomatoes.com/m/mistaken_for_strangers', 'rottentomatoes.com/m/a_most_wanted_man', 'rottentomatoes.com/m/tims_vermeer_2014', 'rottentomatoes.com/m/12_oclock_boys_2013', 'rottentomatoes.com/m/omar', 'rottentomatoes.com/m/22_jump_street', 'rottentomatoes.com/m/the_dog_2014', 'rottentomatoes.com/m/wetlands_2014', 'rottentomatoes.com/m/la_chambre_bleue', 'rottentomatoes.com/m/the_skeleton_twins', 'rottentomatoes.com/m/top_five', 'rottentomatoes.com/m/venus_in_fur', 'rottentomatoes.com/m/art_and_craft', 'rottentomatoes.com/m/closed_curtain', 'rottentomatoes.com/m/the_case_against_8', 'rottentomatoes.com/m/the_kill_team', 'rottentomatoes.com/m/the_trip_to_italy_2014', 'rottentomatoes.com/m/night_moves_2013', 'rottentomatoes.com/m/disneynature_bears', 'rottentomatoes.com/m/cheap_thrills_2013', 'rottentomatoes.com/m/grzeli_nateli_dgeebi', 'rottentomatoes.com/m/to_be_takei', 'rottentomatoes.com/m/the_theory_of_everything_2014']"
2015,"['rottentomatoes.com/m/mad_max_fury_road', 'rottentomatoes.com/m/inside_out_2015', 'rottentomatoes.com/m/spotlight_2015', 'rottentomatoes.com/m/star_wars_episode_vii_the_force_awakens', 'rottentomatoes.com/m/brooklyn', 'rottentomatoes.com/m/creed_2015', 'rottentomatoes.com/m/mission_impossible_rogue_nation', 'rottentomatoes.com/m/carol', 'rottentomatoes.com/m/the_martian', 'rottentomatoes.com/m/room_2015', 'rottentomatoes.com/m/shaun_the_sheep_movie', 'rottentomatoes.com/m/it_follows', 'rottentomatoes.com/m/spy_2015', 'rottentomatoes.com/m/son_of_saul', 'rottentomatoes.com/m/45_years', 'rottentomatoes.com/m/amy_2015', 'rottentomatoes.com/m/what_we_do_in_the_shadows', 'rottentomatoes.com/m/paddington_2014', 'rottentomatoes.com/m/ex_machina', 'rottentomatoes.com/m/sicario_2015', 'rottentomatoes.com/m/anomalisa', 'rottentomatoes.com/m/phoenix_2015', 'rottentomatoes.com/m/mustang_2015', 'rottentomatoes.com/m/gett_the_trial_of_viviane_amsalem', 'rottentomatoes.com/m/timbuktu_2015', 'rottentomatoes.com/m/bridge_of_spies', 'rottentomatoes.com/m/the_big_short', 'rottentomatoes.com/m/seymour_an_introduction', 'rottentomatoes.com/m/tangerine_2015', 'rottentomatoes.com/m/iris_2015', 'rottentomatoes.com/m/3_and_12_minutes_10_bullets', 'rottentomatoes.com/m/the_diary_of_a_teenage_girl', 'rottentomatoes.com/m/about_elly', 'rottentomatoes.com/m/the_look_of_silence', 'rottentomatoes.com/m/71_2015', 'rottentomatoes.com/m/hitchcocktruffaut', 'rottentomatoes.com/m/kurt_cobain_montage_of_heck_2015', 'rottentomatoes.com/m/the_second_mother', 'rottentomatoes.com/m/wild_tales', 'rottentomatoes.com/m/court', 'rottentomatoes.com/m/jafar_panahis_taxi', 'rottentomatoes.com/m/ingrid_bergman_in_her_own_words', 'rottentomatoes.com/m/listen_to_me_marlon', 'rottentomatoes.com/m/theeb', 'rottentomatoes.com/m/finders_keepers_2015', 'rottentomatoes.com/m/heart_of_a_dog', 'rottentomatoes.com/m/sherpa', 'rottentomatoes.com/m/an_honest_liar', 'rottentomatoes.com/m/straight_outta_compton', 'rottentomatoes.com/m/girlhood_2015', 'rottentomatoes.com/m/the_gift_2015', 'rottentomatoes.com/m/the_wonders_2015', 'rottentomatoes.com/m/the_salt_of_the_earth', 'rottentomatoes.com/m/going_clear_scientology_and_the_prison_of_belief_2015', 'rottentomatoes.com/m/the_forbidden_room_2015', 'rottentomatoes.com/m/the_end_of_the_tour_2015', 'rottentomatoes.com/m/99_homes', 'rottentomatoes.com/m/a_most_violent_year', 'rottentomatoes.com/m/the_duke_of_burgundy', 'rottentomatoes.com/m/grandma_2015', 'rottentomatoes.com/m/steve_jobs_2015', 'rottentomatoes.com/m/in_jackson_heights', 'rottentomatoes.com/m/love_and_mercy', 'rottentomatoes.com/m/best_of_enemies_2015', 'rottentomatoes.com/m/1200743-wrecking_crew', 'rottentomatoes.com/m/beasts_of_no_nation', 'rottentomatoes.com/m/welcome_to_leith', 'rottentomatoes.com/m/slow_west_2015', 'rottentomatoes.com/m/appropriate_behavior', 'rottentomatoes.com/m/clouds_of_sils_maria', 'rottentomatoes.com/m/janis_little_girl_blue', 'rottentomatoes.com/m/antman', 'rottentomatoes.com/m/ill_see_you_in_my_dreams', 'rottentomatoes.com/m/we_are_still_here', 'rottentomatoes.com/m/hard_to_be_a_god_2015', 'rottentomatoes.com/m/man_from_reno', 'rottentomatoes.com/m/queen_of_earth', 'rottentomatoes.com/m/red_army_2015', 'rottentomatoes.com/m/trainwreck', 'rottentomatoes.com/m/the_hunting_ground_2015', 'rottentomatoes.com/m/mississippi_grind', 'rottentomatoes.com/m/the_pearl_button_2015', 'rottentomatoes.com/m/mr_holmes', 'rottentomatoes.com/m/boy_and_the_world', 'rottentomatoes.com/m/disneynature_monkey_kingdom', 'rottentomatoes.com/m/the_lady_in_the_van', 'rottentomatoes.com/m/the_peanuts_movie', 'rottentomatoes.com/m/when_marnie_was_there', 'rottentomatoes.com/m/james_white', 'rottentomatoes.com/m/bone_tomahawk', 'rottentomatoes.com/m/the_revenant_2015', 'rottentomatoes.com/m/dope_2015', 'rottentomatoes.com/m/the_black_panthers_vanguard_of_the_revolution_2015', 'rottentomatoes.com/m/the_walk_2015', 'rottentomatoes.com/m/sunshine_superman', 'rottentomatoes.com/m/respire_2014', 'rottentomatoes.com/m/gueros', 'rottentomatoes.com/m/cartel_land', 'rottentomatoes.com/m/backcountry', 'rottentomatoes.com/m/kumiko_the_treasure_hunter']"
2016,"['rottentomatoes.com/m/moonlight_2016', 'rottentomatoes.com/m/arrival_2016', 'rottentomatoes.com/m/manchester_by_the_sea', 'rottentomatoes.com/m/la_la_land', 'rottentomatoes.com/m/zootopia', 'rottentomatoes.com/m/finding_dory', 'rottentomatoes.com/m/hell_or_high_water', 'rottentomatoes.com/m/captain_america_civil_war', 'rottentomatoes.com/m/the_jungle_book_2016', 'rottentomatoes.com/m/paterson', 'rottentomatoes.com/m/moana_2016', 'rottentomatoes.com/m/kubo_and_the_two_strings_2016', 'rottentomatoes.com/m/hunt_for_the_wilderpeople', 'rottentomatoes.com/m/things_to_come_2016', 'rottentomatoes.com/m/doctor_strange_2016', 'rottentomatoes.com/m/love_and_friendship', 'rottentomatoes.com/m/the_nice_guys', 'rottentomatoes.com/m/weiner', 'rottentomatoes.com/m/the_handmaiden', 'rottentomatoes.com/m/the_witch_2016', 'rottentomatoes.com/m/sing_street', 'rottentomatoes.com/m/dont_think_twice', 'rottentomatoes.com/m/cameraperson', 'rottentomatoes.com/m/fences_2016', 'rottentomatoes.com/m/10_cloverfield_lane', 'rottentomatoes.com/m/eye_in_the_sky', 'rottentomatoes.com/m/rogue_one_a_star_wars_story', 'rottentomatoes.com/m/tower_2016', 'rottentomatoes.com/m/toni_erdmann', 'rottentomatoes.com/m/the_edge_of_seventeen', 'rottentomatoes.com/m/little_men_2016', 'rottentomatoes.com/m/under_the_shadow', 'rottentomatoes.com/m/the_wailing', 'rottentomatoes.com/m/embrace_of_the_serpent', 'rottentomatoes.com/m/oj_made_in_america', 'rottentomatoes.com/m/jackie_2016', 'rottentomatoes.com/m/the_age_of_shadows', 'rottentomatoes.com/m/queen_of_katwe_2016', 'rottentomatoes.com/m/fireworks_wednesday', 'rottentomatoes.com/m/aquarius', 'rottentomatoes.com/m/13th', 'rottentomatoes.com/m/elle_2016', 'rottentomatoes.com/m/the_love_witch', 'rottentomatoes.com/m/the_fits_2016', 'rottentomatoes.com/m/loving_2016', 'rottentomatoes.com/m/the_beatles_eight_days_a_week_the_touring_years', 'rottentomatoes.com/m/hail_caesar_2016', 'rottentomatoes.com/m/green_room_2016', 'rottentomatoes.com/m/long_way_north', 'rottentomatoes.com/m/certain_women_2016', 'rottentomatoes.com/m/almost_holy', 'rottentomatoes.com/m/aferim', 'rottentomatoes.com/m/the_innocents_2016', 'rottentomatoes.com/m/sully', 'rottentomatoes.com/m/deadpool', 'rottentomatoes.com/m/gimme_danger', 'rottentomatoes.com/m/the_dark_horse_2016', 'rottentomatoes.com/m/de_palma', 'rottentomatoes.com/m/marguerite', 'rottentomatoes.com/m/neruda_2016', 'rottentomatoes.com/m/cemetery_of_splendor', 'rottentomatoes.com/m/rams', 'rottentomatoes.com/m/dark_horse_2016', 'rottentomatoes.com/m/april_and_the_extraordinary_world_2016', 'rottentomatoes.com/m/our_little_sister', 'rottentomatoes.com/m/star_trek_beyond', 'rottentomatoes.com/m/train_to_busan', 'rottentomatoes.com/m/life_animated', 'rottentomatoes.com/m/lo_and_behold_reveries_of_the_connected_world', 'rottentomatoes.com/m/fire_at_sea_2016', 'rottentomatoes.com/m/tickled', 'rottentomatoes.com/m/gleason_2016', 'rottentomatoes.com/m/southside_with_you', 'rottentomatoes.com/m/the_eagle_huntress', 'rottentomatoes.com/m/petes_dragon_2016', 'rottentomatoes.com/m/krisha_2016', 'rottentomatoes.com/m/the_lobster', 'rottentomatoes.com/m/dont_breathe_2016', 'rottentomatoes.com/m/everybody_wants_some', 'rottentomatoes.com/m/the_little_prince_2016', 'rottentomatoes.com/m/florence_foster_jenkins_2016', 'rottentomatoes.com/m/a_bigger_splash_2016', 'rottentomatoes.com/m/being_17', 'rottentomatoes.com/m/command_and_control', 'rottentomatoes.com/m/notes_on_blindness', 'rottentomatoes.com/m/nuts_2016', 'rottentomatoes.com/m/a_man_called_ove', 'rottentomatoes.com/m/the_last_man_on_the_moon', 'rottentomatoes.com/m/hacksaw_ridge', 'rottentomatoes.com/m/miss_hokusai', 'rottentomatoes.com/m/i_am_not_a_serial_killer', 'rottentomatoes.com/m/lion_2016', 'rottentomatoes.com/m/eat_that_question_frank_zappa_in_his_own_words', 'rottentomatoes.com/m/demon_2016', 'rottentomatoes.com/m/zero_days', 'rottentomatoes.com/m/sand_storm', 'rottentomatoes.com/m/hush_2016', 'rottentomatoes.com/m/the_measure_of_a_man_2016', 'rottentomatoes.com/m/kung_fu_panda_3', 'rottentomatoes.com/m/microbe_and_gasoline']"
2017,"['rottentomatoes.com/m/lady_bird', 'rottentomatoes.com/m/get_out', 'rottentomatoes.com/m/wonder_woman_2017', 'rottentomatoes.com/m/dunkirk_2017', 'rottentomatoes.com/m/coco_2017', 'rottentomatoes.com/m/the_shape_of_water_2017', 'rottentomatoes.com/m/thor_ragnarok_2017', 'rottentomatoes.com/m/logan_2017', 'rottentomatoes.com/m/the_big_sick', 'rottentomatoes.com/m/star_wars_the_last_jedi', 'rottentomatoes.com/m/war_for_the_planet_of_the_apes', 'rottentomatoes.com/m/the_florida_project', 'rottentomatoes.com/m/baby_driver', 'rottentomatoes.com/m/spider_man_homecoming', 'rottentomatoes.com/m/three_billboards_outside_ebbing_missouri', 'rottentomatoes.com/m/i_am_not_your_negro', 'rottentomatoes.com/m/blade_runner_2049', 'rottentomatoes.com/m/hidden_figures', 'rottentomatoes.com/m/the_disaster_artist', 'rottentomatoes.com/m/mudbound', 'rottentomatoes.com/m/faces_places', 'rottentomatoes.com/m/my_life_as_a_zucchini', 'rottentomatoes.com/m/the_salesman_2017', 'rottentomatoes.com/m/logan_lucky', 'rottentomatoes.com/m/the_lego_batman_movie', 'rottentomatoes.com/m/guardians_of_the_galaxy_vol_2', 'rottentomatoes.com/m/bpm', 'rottentomatoes.com/m/gods_own_country_2017', 'rottentomatoes.com/m/lucky_2017', 'rottentomatoes.com/m/kedi_2017', 'rottentomatoes.com/m/a_ghost_story', 'rottentomatoes.com/m/it_2017', 'rottentomatoes.com/m/your_name_2017', 'rottentomatoes.com/m/jane', 'rottentomatoes.com/m/good_time', 'rottentomatoes.com/m/columbus_2017', 'rottentomatoes.com/m/city_of_ghosts_2017', 'rottentomatoes.com/m/dawson_city_frozen_time', 'rottentomatoes.com/m/the_work', 'rottentomatoes.com/m/bright_lights_starring_carrie_fisher_and_debbie_reynolds', 'rottentomatoes.com/m/after_the_storm_2017', 'rottentomatoes.com/m/truman_2017', 'rottentomatoes.com/m/strong_island', 'rottentomatoes.com/m/whose_streets', 'rottentomatoes.com/m/my_journey_through_french_cinema', 'rottentomatoes.com/m/john_wick_chapter_2', 'rottentomatoes.com/m/menashe', 'rottentomatoes.com/m/graduation_2017', 'rottentomatoes.com/m/raw_2017', 'rottentomatoes.com/m/quest_2017', 'rottentomatoes.com/m/step_2017', 'rottentomatoes.com/m/dina_2017', 'rottentomatoes.com/m/the_happiest_day_in_the_life_of_olli_maki_2017', 'rottentomatoes.com/m/the_red_turtle', 'rottentomatoes.com/m/the_meyerowitz_stories', 'rottentomatoes.com/m/in_this_corner_of_the_world', 'rottentomatoes.com/m/i_daniel_blake', 'rottentomatoes.com/m/bombshell_the_hedy_lamarr_story', 'rottentomatoes.com/m/ex_libris_new_york_public_library', 'rottentomatoes.com/m/1945', 'rottentomatoes.com/m/a_quiet_passion', 'rottentomatoes.com/m/felicite_2017', 'rottentomatoes.com/m/the_last_laugh_2017', 'rottentomatoes.com/m/dolores_2017', 'rottentomatoes.com/m/montparnasse_bienvenue', 'rottentomatoes.com/m/the_breadwinner', 'rottentomatoes.com/m/the_b_side_elsa_dorfmans_portrait_photography', 'rottentomatoes.com/m/thelma_2017', 'rottentomatoes.com/m/girls_trip', 'rottentomatoes.com/m/stronger_2017', 'rottentomatoes.com/m/it_comes_at_night', 'rottentomatoes.com/m/i_called_him_morgan', 'rottentomatoes.com/m/wind_river_2017', 'rottentomatoes.com/m/darkest_hour_2017', 'rottentomatoes.com/m/battle_of_the_sexes', 'rottentomatoes.com/m/trophy_2017', 'rottentomatoes.com/m/american_made_2017', 'rottentomatoes.com/m/20th_century_women', 'rottentomatoes.com/m/the_womens_balcony', 'rottentomatoes.com/m/a_monster_calls', 'rottentomatoes.com/m/the_survivalist_2017', 'rottentomatoes.com/m/okja', 'rottentomatoes.com/m/their_finest_2017', 'rottentomatoes.com/m/citizen_jane_battle_for_the_city', 'rottentomatoes.com/m/frantz', 'rottentomatoes.com/m/the_lost_city_of_z', 'rottentomatoes.com/m/lady_macbeth', 'rottentomatoes.com/m/the_other_side_of_hope', 'rottentomatoes.com/m/princess_cyd', 'rottentomatoes.com/m/land_of_mine', 'rottentomatoes.com/m/gook', 'rottentomatoes.com/m/human_flow', 'rottentomatoes.com/m/abacus_small_enough_to_jail', 'rottentomatoes.com/m/school_life', 'rottentomatoes.com/m/all_this_panic', 'rottentomatoes.com/m/silence_2017', 'rottentomatoes.com/m/maudie', 'rottentomatoes.com/m/endless_poetry', 'rottentomatoes.com/m/detroit_2017', 'rottentomatoes.com/m/obit']"
2018,"['rottentomatoes.com/m/black_panther_2018', 'rottentomatoes.com/m/mission_impossible_fallout', 'rottentomatoes.com/m/blackkklansman', 'rottentomatoes.com/m/spider_man_into_the_spider_verse', 'rottentomatoes.com/m/a_star_is_born_2018', 'rottentomatoes.com/m/a_quiet_place_2018', 'rottentomatoes.com/m/eighth_grade', 'rottentomatoes.com/m/roma_2018', 'rottentomatoes.com/m/can_you_ever_forgive_me', 'rottentomatoes.com/m/the_favourite_2018', 'rottentomatoes.com/m/paddington_2', 'rottentomatoes.com/m/leave_no_trace', 'rottentomatoes.com/m/incredibles_2', 'rottentomatoes.com/m/call_me_by_your_name', 'rottentomatoes.com/m/widows_2018', 'rottentomatoes.com/m/shoplifters', 'rottentomatoes.com/m/wont_you_be_my_neighbor', 'rottentomatoes.com/m/first_man', 'rottentomatoes.com/m/crazy_rich_asians', 'rottentomatoes.com/m/i_tonya', 'rottentomatoes.com/m/the_hate_u_give', 'rottentomatoes.com/m/phantom_thread', 'rottentomatoes.com/m/sorry_to_bother_you_2018', 'rottentomatoes.com/m/avengers_infinity_war', 'rottentomatoes.com/m/ant_man_and_the_wasp', 'rottentomatoes.com/m/isle_of_dogs_2018', 'rottentomatoes.com/m/hereditary', 'rottentomatoes.com/m/the_post', 'rottentomatoes.com/m/the_death_of_stalin', 'rottentomatoes.com/m/minding_the_gap', 'rottentomatoes.com/m/three_identical_strangers', 'rottentomatoes.com/m/the_rider', 'rottentomatoes.com/m/the_old_man_and_the_gun', 'rottentomatoes.com/m/mcqueen', 'rottentomatoes.com/m/summer_1993', 'rottentomatoes.com/m/a_fantastic_woman', 'rottentomatoes.com/m/first_reformed', 'rottentomatoes.com/m/free_solo', 'rottentomatoes.com/m/burning_2018', 'rottentomatoes.com/m/searching_2018', 'rottentomatoes.com/m/loveless_2018', 'rottentomatoes.com/m/cold_war_2018', 'rottentomatoes.com/m/deadpool_2', 'rottentomatoes.com/m/shirkers', 'rottentomatoes.com/m/wildlife_2018', 'rottentomatoes.com/m/border_2018', 'rottentomatoes.com/m/annihilation', 'rottentomatoes.com/m/the_tale', 'rottentomatoes.com/m/the_guilty_2018', 'rottentomatoes.com/m/hannah_gadsby_nanette', 'rottentomatoes.com/m/you_were_never_really_here', 'rottentomatoes.com/m/tea_with_the_dames', 'rottentomatoes.com/m/blindspotting', 'rottentomatoes.com/m/love_simon', 'rottentomatoes.com/m/custody_2018', 'rottentomatoes.com/m/bumblebee', 'rottentomatoes.com/m/mandy_2018', 'rottentomatoes.com/m/rbg', 'rottentomatoes.com/m/zama', 'rottentomatoes.com/m/in_between_2018', 'rottentomatoes.com/m/ralph_breaks_the_internet', 'rottentomatoes.com/m/the_cakemaker', 'rottentomatoes.com/m/science_fair', 'rottentomatoes.com/m/foxtrot_2018', 'rottentomatoes.com/m/oh_lucy_2018', 'rottentomatoes.com/m/sweet_country_2018', 'rottentomatoes.com/m/night_comes_on', 'rottentomatoes.com/m/hale_county_this_morning_this_evening', 'rottentomatoes.com/m/ryuichi_sakamoto_coda', 'rottentomatoes.com/m/rodents_of_unusual_size', 'rottentomatoes.com/m/pick_of_the_litter', 'rottentomatoes.com/m/marlina_the_murderer_in_four_acts', 'rottentomatoes.com/m/tully_2018', 'rottentomatoes.com/m/leaning_into_the_wind', 'rottentomatoes.com/m/thunder_road_2018', 'rottentomatoes.com/m/the_ballad_of_buster_scruggs', 'rottentomatoes.com/m/i_am_not_a_witch', 'rottentomatoes.com/m/western_2018', 'rottentomatoes.com/m/hearts_beat_loud', 'rottentomatoes.com/m/blaze_2018', 'rottentomatoes.com/m/to_all_the_boys_ive_loved_before', 'rottentomatoes.com/m/revenge_2018', 'rottentomatoes.com/m/filmworker', 'rottentomatoes.com/m/beast', 'rottentomatoes.com/m/lean_on_pete', 'rottentomatoes.com/m/on_her_shoulders', 'rottentomatoes.com/m/the_wolf_house', 'rottentomatoes.com/m/1985_2018', 'rottentomatoes.com/m/dark_money', 'rottentomatoes.com/m/good_manners', 'rottentomatoes.com/m/support_the_girls', 'rottentomatoes.com/m/capernaum', 'rottentomatoes.com/m/the_endless', 'rottentomatoes.com/m/private_life_2018', 'rottentomatoes.com/m/american_animals', 'rottentomatoes.com/m/cam', 'rottentomatoes.com/m/mary_poppins_returns', 'rottentomatoes.com/m/creed_ii', 'rottentomatoes.com/m/teen_titans_go_to_the_movies', 'rottentomatoes.com/m/colette_2018']"
2019,"['rottentomatoes.com/m/parasite_2019', 'rottentomatoes.com/m/avengers_endgame', 'rottentomatoes.com/m/knives_out', 'rottentomatoes.com/m/us_2019', 'rottentomatoes.com/m/toy_story_4', 'rottentomatoes.com/m/the_irishman', 'rottentomatoes.com/m/little_women_2019', 'rottentomatoes.com/m/booksmart', 'rottentomatoes.com/m/the_farewell_2019', 'rottentomatoes.com/m/a_beautiful_day_in_the_neighborhood', 'rottentomatoes.com/m/marriage_story_2019', 'rottentomatoes.com/m/if_beale_street_could_talk', 'rottentomatoes.com/m/once_upon_a_time_in_hollywood', 'rottentomatoes.com/m/spider_man_far_from_home', 'rottentomatoes.com/m/pain_and_glory', 'rottentomatoes.com/m/shazam', 'rottentomatoes.com/m/ford_v_ferrari', 'rottentomatoes.com/m/dolemite_is_my_name', 'rottentomatoes.com/m/the_lighthouse_2019', 'rottentomatoes.com/m/apollo_11_2019', 'rottentomatoes.com/m/rocketman_2019', 'rottentomatoes.com/m/uncut_gems', 'rottentomatoes.com/m/amazing_grace_2018', 'rottentomatoes.com/m/they_shall_not_grow_old', 'rottentomatoes.com/m/ash_is_purest_white', 'rottentomatoes.com/m/honeyland', 'rottentomatoes.com/m/john_wick_chapter_3_parabellum', 'rottentomatoes.com/m/honey_boy', 'rottentomatoes.com/m/fighting_with_my_family', 'rottentomatoes.com/m/the_peanut_butter_falcon', 'rottentomatoes.com/m/one_cut_of_the_dead', 'rottentomatoes.com/m/captain_marvel', 'rottentomatoes.com/m/knock_down_the_house', 'rottentomatoes.com/m/birds_of_passage_2019', 'rottentomatoes.com/m/for_sama', 'rottentomatoes.com/m/maiden', 'rottentomatoes.com/m/hustlers_2019', 'rottentomatoes.com/m/atlantics', 'rottentomatoes.com/m/one_child_nation', 'rottentomatoes.com/m/3_faces', 'rottentomatoes.com/m/how_to_train_your_dragon_the_hidden_world', 'rottentomatoes.com/m/woman_at_war', 'rottentomatoes.com/m/first_love_2019', 'rottentomatoes.com/m/chained_for_life_2018', 'rottentomatoes.com/m/white_riot', 'rottentomatoes.com/m/the_chambermaid', 'rottentomatoes.com/m/transit_2018', 'rottentomatoes.com/m/tigers_are_not_afraid', 'rottentomatoes.com/m/stan_and_ollie', 'rottentomatoes.com/m/ready_or_not_2019', 'rottentomatoes.com/m/midnight_traveler', 'rottentomatoes.com/m/mickey_and_the_bear', 'rottentomatoes.com/m/deadwood_the_movie', 'rottentomatoes.com/m/varda_by_agnes', 'rottentomatoes.com/m/hail_satan', 'rottentomatoes.com/m/scream_queen_my_nightmare_on_elm_street', 'rottentomatoes.com/m/the_heiresses', 'rottentomatoes.com/m/toni_morrison_the_pieces_i_am', 'rottentomatoes.com/m/the_last_black_man_in_san_francisco', 'rottentomatoes.com/m/midsommar', 'rottentomatoes.com/m/the_mustang', 'rottentomatoes.com/m/wild_rose_2019', 'rottentomatoes.com/m/blinded_by_the_light', 'rottentomatoes.com/m/bad_education_2019', 'rottentomatoes.com/m/ad_astra', 'rottentomatoes.com/m/63_up', 'rottentomatoes.com/m/homecoming_a_film_by_beyonce', 'rottentomatoes.com/m/too_late_to_die_young', 'rottentomatoes.com/m/gloria_bell', 'rottentomatoes.com/m/by_the_grace_of_god_2019', 'rottentomatoes.com/m/midnight_family', 'rottentomatoes.com/m/bunuel_in_the_labyrinth_of_the_turtles', 'rottentomatoes.com/m/fiddler_a_miracle_of_miracles', 'rottentomatoes.com/m/american_factory', 'rottentomatoes.com/m/dirty_god', 'rottentomatoes.com/m/making_waves_the_art_of_cinematic_sound', 'rottentomatoes.com/m/im_no_longer_here', 'rottentomatoes.com/m/working_woman', 'rottentomatoes.com/m/the_cave_2019', 'rottentomatoes.com/m/the_kingmaker', 'rottentomatoes.com/m/harpoon_2019', 'rottentomatoes.com/m/love_antosha', 'rottentomatoes.com/m/i_lost_my_body', 'rottentomatoes.com/m/jojo_rabbit', 'rottentomatoes.com/m/little_woods', 'rottentomatoes.com/m/dark_waters_2019', 'rottentomatoes.com/m/the_two_popes', 'rottentomatoes.com/m/mike_wallace_is_here', 'rottentomatoes.com/m/ray_and_liz', 'rottentomatoes.com/m/be_natural_the_untold_story_of_alice_guy_blache', 'rottentomatoes.com/m/monos', 'rottentomatoes.com/m/shadow_2018', 'rottentomatoes.com/m/rojo_2018', 'rottentomatoes.com/m/in_fabric', 'rottentomatoes.com/m/an_elephant_sitting_still', 'rottentomatoes.com/m/clemency_2019', 'rottentomatoes.com/m/the_mortuary_collection', 'rottentomatoes.com/m/the_lego_movie_2_the_second_part', 'rottentomatoes.com/m/the_kid_who_would_be_king', 'rottentomatoes.com/m/citizen_k']"
2020,"['rottentomatoes.com/m/one_night_in_miami', 'rottentomatoes.com/m/portrait_of_a_lady_on_fire', 'rottentomatoes.com/m/minari', 'rottentomatoes.com/m/ma_raineys_black_bottom', 'rottentomatoes.com/m/soul_2020', 'rottentomatoes.com/m/1917_2019', 'rottentomatoes.com/m/the_invisible_man_2020', 'rottentomatoes.com/m/never_rarely_sometimes_always', 'rottentomatoes.com/m/sound_of_metal', 'rottentomatoes.com/m/promising_young_woman', 'rottentomatoes.com/m/hamilton_2020', 'rottentomatoes.com/m/wolfwalkers', 'rottentomatoes.com/m/palm_springs_2020', 'rottentomatoes.com/m/da_5_bloods', 'rottentomatoes.com/m/miss_juneteenth', 'rottentomatoes.com/m/his_house', 'rottentomatoes.com/m/collective_2020', 'rottentomatoes.com/m/first_cow', 'rottentomatoes.com/m/76_days', 'rottentomatoes.com/m/crip_camp_a_disability_revolution', 'rottentomatoes.com/m/david_byrnes_american_utopia', 'rottentomatoes.com/m/the_trial_of_the_chicago_7', 'rottentomatoes.com/m/dick_johnson_is_dead', 'rottentomatoes.com/m/host_2020', 'rottentomatoes.com/m/the_forty_year_old_version', 'rottentomatoes.com/m/totally_under_control', 'rottentomatoes.com/m/saint_frances', 'rottentomatoes.com/m/time_2020', 'rottentomatoes.com/m/onward', 'rottentomatoes.com/m/blow_the_man_down', 'rottentomatoes.com/m/driveways', 'rottentomatoes.com/m/the_personal_history_of_david_copperfield', 'rottentomatoes.com/m/the_vast_of_night', 'rottentomatoes.com/m/welcome_to_chechnya', 'rottentomatoes.com/m/all_in_the_fight_for_democracy', 'rottentomatoes.com/m/possessor_uncut', 'rottentomatoes.com/m/the_truffle_hunters', 'rottentomatoes.com/m/mucho_mucho_amor', 'rottentomatoes.com/m/city_hall_2020', 'rottentomatoes.com/m/the_assistant_2020', 'rottentomatoes.com/m/relic', 'rottentomatoes.com/m/corpus_christi_2020', 'rottentomatoes.com/m/athlete_a', 'rottentomatoes.com/m/on_the_record', 'rottentomatoes.com/m/extra_ordinary', 'rottentomatoes.com/m/slay_the_dragon', 'rottentomatoes.com/m/the_dissident', 'rottentomatoes.com/m/night_of_the_kings', 'rottentomatoes.com/m/flee', 'rottentomatoes.com/m/house_of_hummingbird', 'rottentomatoes.com/m/the_fight_2020', 'rottentomatoes.com/m/a_secret_love', 'rottentomatoes.com/m/rewind_2020', 'rottentomatoes.com/m/coded_bias', 'rottentomatoes.com/m/make_up_2020', 'rottentomatoes.com/m/coup_53', 'rottentomatoes.com/m/mayor', 'rottentomatoes.com/m/mystify_michael_hutchence', 'rottentomatoes.com/m/the_half_of_it', 'rottentomatoes.com/m/saint_maud', 'rottentomatoes.com/m/la_llorona_2019', 'rottentomatoes.com/m/the_painter_and_the_thief', 'rottentomatoes.com/m/beats_2020', 'rottentomatoes.com/m/vitalina_varela', 'rottentomatoes.com/m/anything_for_jackson', 'rottentomatoes.com/m/spontaneous', 'rottentomatoes.com/m/another_round', 'rottentomatoes.com/m/circus_of_books', 'rottentomatoes.com/m/boys_state', 'rottentomatoes.com/m/bacurau', 'rottentomatoes.com/m/enola_holmes', 'rottentomatoes.com/m/disclosure_2020_2', 'rottentomatoes.com/m/why_dont_you_just_die', 'rottentomatoes.com/m/the_swerve', 'rottentomatoes.com/m/apples', 'rottentomatoes.com/m/farewell_amor', 'rottentomatoes.com/m/gunda_2020', 'rottentomatoes.com/m/fourteen_2019', 'rottentomatoes.com/m/slaxx', 'rottentomatoes.com/m/news_of_the_world', 'rottentomatoes.com/m/the_go_gos', 'rottentomatoes.com/m/fireball_visitors_from_darker_worlds', 'rottentomatoes.com/m/the_last_tree', 'rottentomatoes.com/m/rocks', 'rottentomatoes.com/m/assassins_2020', 'rottentomatoes.com/m/babyteeth', 'rottentomatoes.com/m/the_white_tiger_2020', 'rottentomatoes.com/m/shithouse', 'rottentomatoes.com/m/feels_good_man', 'rottentomatoes.com/m/a_shaun_the_sheep_movie_farmageddon', 'rottentomatoes.com/m/kajillionaire', 'rottentomatoes.com/m/a_white_white_day', 'rottentomatoes.com/m/zappa_2020', 'rottentomatoes.com/m/just_mercy', 'rottentomatoes.com/m/borat_subsequent_moviefilm', 'rottentomatoes.com/m/emma_2020', 'rottentomatoes.com/m/yes_god_yes', 'rottentomatoes.com/m/blood_on_her_name', 'rottentomatoes.com/m/sylvies_love', 'rottentomatoes.com/m/mank']"
